Nome Attività,Categoria,Sito Web,Telefono,Indirizzo,Comune,Provincia,Email,Protocollo,Tecnologia,Cookie Banner,Hosting Provider,Mobile Performance,Desktop Performance,Punteggio SEO,Disponibilità Sito,Stato Manutenzione
D.P. ELETTROIMPIANTI di Di Paola Giuseppe,Elettricista,,392 180 1988,Via Martiri,Ariano Irpino,,,,,,,,,,,
SicurElectrika di Ladogana Ruggiero,Elettricista,,0885 415747,"Via Mulini Tonti, 30",Cerignola,,,,,,,,,,,
Carducci Pasquale,Elettricista,,0885 424841,"Via Napoli, 39",Cerignola,,,,,,,,,,,
General System S.R.L.,Elettricista,,0885 442837,"Vico VI Assunta, 11",Cerignola,,,,,,,,,,,
Elettric Systems di Angelo Ciccone,Elettricista,http://www.elettricsystems.com,340 664 0675,"Via pianelle, 1",Teora,,,http,ASP.NET,No,Aruba S.p.A. Network,80,99,91.00,Sì,No
Mastino Impianti Elettrici,Elettricista,,346 309 7689,"Via dei Tigli, 3",Cerignola,,,,,,,,,,,
I.G. Impianti,Elettricista,,0824 967731,"Traversa I Sannio, 62",San Bartolomeo In Galdo,,,,,,,,,,,
Pepe Impianti,Elettricista,,0824 967886,"SP90, 13",San Bartolomeo In Galdo,,,,,,,,,,,
Nuova Elettrica Snc Di Vassallo Antonio Remo Gagliardi Antonio E Sav,Elettricista,,0824 987331,"Via IV Novembre, 183",Pago Veiano,,,,,,,,,,,
F.L. IMPIANTISTICA DI LUCIANO FUCCI,Elettricista,,349 066 5874,Piazza del Popolo,Squillani,,,,,,,,,,,
Monaco Antonio,Elettricista,,0824 964041,"00 Contrada Sette Luci, San Bartolomeo In Galdo, BN 82028",San Bartolomeo in Galdo,,,,,,,,,,,
Elettro2g impianti elettrici ed elettronici,Elettricista,,347 882 6660,"Via Alessandro Manzoni, 25",Biccari,,,,,,,,,,,
Soluzioni Elettriche,Elettricista,,340 370 3754,"Via Defensa, 5",Serracapriola,,,,,,,,,,,
TEKNOIMPIANTI di Matteo Erminio,Elettricista,,350 571 3841,"C.da Acqua Fredda, 2",Jelsi,,,,,,,,,,,
ELETTROLUCE Srl,Servizio di installazione elettrica,,391 499 2942,"Via Bosco Comunale I, N°60",Fragneto l'Abate,,,,,,,,,,,
Beta 2002 Srl,Elettricista,,0882 393379,"Via Michele Fuiano, 17",Torremaggiore,,,,,,,,,,,
Dnsystem,Elettricista,,333 202 4246,"Corso Giacomo Matteotti, 76",Torremaggiore,,,,,,,,,,,
GASCONTROL S.r.l.,Ditta specializzata in impianti di riscaldamento,https://www.gas-control.it,0883 566703,"Corso Umberto I, 47",Ascoli Satriano,,,https,WordPress,No,"Cloudflare, Inc.",0,90,83.00,Sì,Sì
Elettrica 2000 Di Salcone Raffaele & Vezzano Michele S.N.C.,Elettricista,,0882 331580,"Via Benevento, 8",San Severo,,,,,,,,,,,
Impianti Elettrici Sergio Romano,Elettricista,http://www.sergioromanoimpianti.it,0882 332819,"Via Brindisi, 248",San Severo,,,http,ASP.NET,No,Aruba S.p.A. Network,100,100,82.00,Sì,No
S.D.F. Impianti di Simone De Felice,Elettricista,,329 291 4990,"Via Cantiere, 23",Lesina,,,,,,,,,,,
A.M. impianti elettrici di Maiorino Alfonso,Elettricista,,329 611 5339,"Viale Checchia Rispoli, 159",San Severo,,,,,,,,,,,
Impiantistica Lamedica Srl,Elettricista,http://www.impiantisticalamedica.it,0882 381442,"Corso Giacomo Matteotti, 214",Torremaggiore,,,http,Joomla,No,Aruba S.p.A.,47,92,92.00,Sì,No
IMESD IMPIANTI ELETTRICI SALTARELLO DAVIDE,Elettricista,,340 164 7060,"Via Fuori Porta Annunziata, 87",Biccari,,,,,,,,,,,
CEDDIAL S.R.L.,Elettricista,http://www.ceddial.com,0882 334442,"Via S. Tempesta, Z.I",San Severo,,info@ceddial.com,http,WordPress,No,Aruba S.p.A.,49,48,85.00,Sì,No
Colacchio Antonio,Elettricista,https://colacchio-antonio.webnode.it,329 495 1072,"Via Villafranca, 26",Torremaggiore,,contatto@esempio.it,https,Webnode,No,Amazon Technologies Inc.,66,97,100.00,Sì,No
Elettro Security,Elettricista,http://www.elettrosecurityimpianti.it,329 075 3804,"Via Taranto, 201",San Severo,,,http,React,Sì,Aruba S.p.A.,39,47,85.00,Sì,No
Solenergy 2M,Impianto solare fotovoltaico,https://www.solenergy2m.it,0885 413065,VIA MOSE' CONTE LOTTO 134/O,Cerignola,,info@solenergy2m.it,https,WordPress,Sì,Aruba S.p.A.,56,76,83.00,Sì,No
PRONTORAPIDO,Ditta specializzata in impianti di riscaldamento,http://www.prontorapido.it,800 114 424,"Corso Scuola Agraria, 51C",Cerignola,,info@prontorapido.it,http,Basekit,No,Aruba S.p.A.,44,71,100.00,Sì,No
Elettroimpianti Snc Di Novelli Pietro & C.,Elettricista,,0882 820034,"Contrada Monte Sacro, 4",Rignano Garganico,,,,,,,,,,,
Novatek Impiantistica,Servizio di installazione elettrica,,348 034 5365,"Via Michelangelo Manicone, 12",Vico del Gargano,,,,,,,,,,,
Della Santa Giovanni,Elettricista,,0881 972292,"Via Santa Maria, 58",Castelluccio Valmaggiore,,,,,,,,,,,
Ecoelectra Soc. Coop.,Elettricista,http://www.ecoelectra.it,327 684 2290,"Via Michele Maitilasso, 2",Troia,,info@ecoelectra.it,http,WordPress,Sì,Aruba S.p.A.,38,48,85.00,Sì,No
Gravina Antonio,Elettricista,,0882 474525,"Via Cicerone, 114",San Nicandro Garganico,,,,,,,,,,,
T.R.I.impianti,Elettricista,,338 954 2518,"m, Via Matteo Fraccacreta",Manfredonia,,,,,,,,,,,
LPN IMPIANTI,Elettricista,,320 533 0833,"Via Marchese de Rosa, 9",Foggia,,,,,,,,,,,
GF IMPIANTI di Gurgoglione Filippo,Elettricista,,392 670 1168,Via Giuseppe Impastato,San Giovanni Rotondo,,,,,,,,,,,
POWER SOLUTION di Ritoli Michele,Elettricista,,370 150 9192,"Via Normandia, 16",San Nicandro Garganico,,,,,,,,,,,
Trotta Impianti,Elettricista,,347 837 0684,"Via Palmiro Togliatti, 33",Manfredonia,,,,,,,,,,,
IMP IMPIANTI di Impagnatiello Pietro,Elettricista,,347 160 4866,"Viale Beccarini, 78",Manfredonia,,,,,,,,,,,
ELETTROIMPIANTI di LUIGI MURGANO,Servizio di installazione elettrica,http://www.elettroimpiantimurgano.it,328 908 9509,Corso Vittorio Emanuele,Lesina,,elettroimpiantimurgano@gmail.com,http,Joomla,No,Netsons s.r.l.,61,88,83.00,Sì,No
Notarangelo Angelo,Elettricista,,0884 565179,"Via Manfredi, 40",Monte Sant'Angelo,,,,,,,,,,,
Vi.Di.L. Impianti,Elettricista,,333 137 4316,"Via Vito Calò, 20",Bisceglie,,,,,,,,,,,
LT Impianti Di Luca Trotta,Elettricista,,331 123 0522,"Viale Giuseppe di Vittorio, 38",Manfredonia,,,,,,,,,,,
Elettroimpiantistica di Boccasile Natale,Elettricista,https://www.elettroimpiantistica.it,346 784 9606,"Via Caposele, 44",Trani,,,https,Basekit,No,Aruba S.p.A.,61,66,100.00,Sì,No
Esa System S.N.C. Di Franco Verrillo E Carlo Di Domenico,Elettricista,,0875 530461,"Via della Stazione, 23",Campomarino,,,,,,,,,,,
Electro Tech di Veneziano Salvatore,Elettricista,https://electrotech.altervista.org,349 052 3051,"Via Fratelli Cervi, 38",Campomarino,,electro-tech@libero.it,https,WordPress,Sì,Hetzner Online GmbH,59,81,85.00,Sì,No
L.P.G. Impianti s.a.s.,Elettricista,,333 324 5159,"Via Raffaele Mezzalingua, 25",San Martino in Pensilis,,,,,,,,,,,
Lepore Impianti Srl,Elettricista,http://www.leporeimpianti.it,0875 726056,"Via dei Lecci, 22",Termoli,,info@leporeimpianti.it,http,React,No,Amazon Technologies Inc.,69,91,100.00,Sì,No
Elettrotecnica F.Lli Di Lello Luigi & C. Snc,Elettricista,,0875 67503,"Contrada Saracena, Petacciato, CB 86038",Petacciato,,,,,,,,,,,
Elettroservice S.n.c.,Elettricista,https://www.elettroservicesnc.net,0884 583060,"Via Torre de Angelis, 48/50",Manfredonia,,giovanni@elettroservicesnc.net,https,React,No,Aruba S.p.A.,34,62,73.00,Sì,No
Er.Al.Systems Srl,Elettricista,,0875 755280,"Via Corsica, 194",Termoli,,,,,,,,,,,
DE NETTO FRANCESCO,Elettricista,,320 875 8117,"Via Dentice, 26",San Vito dei Normanni,,,,,,,,,,,
C.E. Impianti Elettrici Industriali di Cauto Eligio,Elettricista,http://www.ceimpianti.com,085 446 4059,"Via Caravaggio, 10/C",San Giovanni Teatino,,,http,Joomla,Sì,Server Plan S.r.l.,69,89,100.00,Sì,No
FG IMPIANTI S.R.L.,Elettricista,http://www.fgimpianti.it,0881 707564,"Via di Tressanti, 1",Foggia,,,http,ASP.NET,No,Aruba S.p.A. Network,73,99,91.00,Sì,No
System Impianti S R L,Elettricista,,0831 985407,"Via Giuseppe di Vagno, 59",San Vito dei Normanni,,,,,,,,,,,
D&D IMPIANTI SOC.COOP.,Elettricista,,377 316 4442,"Via 8 Settembre, 71",San Vito dei Normanni,,,,,,,,,,,
Impianti Elettrici Rigoli Snc,Elettricista,,0434 80107,"Via Carbona, 31",San Vito al Tagliamento,,,,,,,,,,,
Di.mer. S.r.l.,Elettricista,,0831 982771,"Via Regina Margherita, 19",San Vito dei Normanni,,,,,,,,,,,
Elettroimpiantistica di Zolli Giuseppe - LUCERA,Elettricista,,338 154 7959,"Via Livorno, 5",Lucera,,,,,,,,,,,
D'Antuoni Impianti Di D'Antuoni Gianpietro,Elettricista,,328 007 5125,"Via Monsignor Giuseppe Stoico, 7",San Severo,,,,,,,,,,,
FAZI S.R.L.,Elettricista,http://www.hidrosystem.it,0885 437017,Via Dei Cinque Reali Siti Zona Artigianale,Stornarella,,,http,React,Sì,Aruba S.p.A.,51,65,85.00,Sì,No
Impianti Elettrici SEI,Elettricista,http://www.impiantielettricisei.it,0434 875605,"Viale S. Giovanni, 50",San Vito al Tagliamento,,info@impiantielettricisei.it,http,WordPress,No,OVH SAS,63,74,77.00,Sì,No
Gaetani Impianti Elettrici,Elettricista,,347 655 5838,"Via Generale Galliano, 79",San Vito dei Normanni,,,,,,,,,,,
Societa' El.C.I. Impianti - S.R.L.,Elettricista,,0881 682282,"Corso del Mezzogiorno, 21",Foggia,,,,,,,,,,,
Punto Luce SRL,Elettricista,,0831 985582,"Via Carovigno, 22",San Vito dei Normanni,,,,,,,,,,,
Due P Impianti,Elettricista,,0881 204669,"Via Pasquale Tarantino, 18",Foggia,,,,,,,,,,,
LFA Impianti di Laganella Francesco Antonio,Elettricista,,0881 178 2697,"Piazza Scaramella, 18",Foggia,,,,,,,,,,,
Elektro home,Elettricista,,320 764 2838,"Via Pasquale Follieri, 52",Lucera,,,,,,,,,,,
Elettrosanvitese S.r.l.,Elettricista,http://www.elettrosanvitese.it,0434 81666,"Via Belvedere, 25/10",San Vito al Tagliamento,,info@elettrosanvitese.it,http,WordPress,No,OVH ISP,48,73,85.00,Sì,No
Elettrica Service Citro srl,Elettricista,,0881 331100,"UFFICIO, Via Sandro Pertini, 3",Foggia,,,,,,,,,,,
Costeldati Srl,Elettricista,,0881 757526,"Via Manfredonia, 33",Foggia,,,,,,,,,,,
D.A. Elettronica Di Deidone' Andrea,Elettricista,https://www.daelettronica.it,045 755 2868,"Via S. Lorenzo, 53",Castelnuovo del Garda,,,https,WordPress,No,SEEWEB s.r.l.,56,77,100.00,Sì,No
Elettroinstallazioni Lungaro del PI Luciano Lungaro,Elettricista,,347 848 3459,"Via di Salsola, 151",Foggia,,,,,,,,,,,
Mecie S.r.l.,Elettricista,http://www.mecie.it,0881 774746,"Via di S. Giuliano, 53",Foggia,,,http,ASP.NET,No,Aruba S.p.A. Network,74,96,91.00,Sì,No
ELETTROTECNICA IMPIANTI di Guido Tanzi,Elettricista,,328 088 4078,"Via Suor Maria Celeste Crostarosa, 13",Foggia,,,,,,,,,,,
PRONTO INTERVENTO FOGGIA,Elettricista,,0881 189 6375,"Via Marchese de Rosa, 9",Foggia,,,,,,,,,,,
Elettro Co.An. S.R.L.S,Elettricista,,0881 203349,"Via delle Casermette, 40",Foggia,,,,,,,,,,,
Nembrotte,Elettricista,http://www.nembrotte.it,0881 615286,"Via Francesco Marinaccio, 24",Foggia,,nembrotte@nembrotte.it,http,Joomla,Sì,Aruba S.p.A.,59,73,100.00,Sì,No
Elettro Store Service Di Savino Zanni,Elettricista,,0885 782039,"Via Foria, 43",Orta Nova,,,,,,,,,,,
Elettrotecnica Antonio Occulto,Elettricista,,0881 686001,"Via Giuseppe Rosati, 161",Foggia,,,,,,,,,,,
Golden System Elettronica di P.I. Petito Alfredo,Impianto solare fotovoltaico,,0881 776430,"Via Gabriele Pepe, 23",Foggia,,,,,,,,,,,
CORUZZI ELETTROSERVICE,Elettricista,,389 555 4708,"Via Benedetto Biagi, 9",Foggia,,,,,,,,,,,
Impiantistica Grassano,Elettricista,,338 122 8000,"Via Bartolo Longo, 9",San Severo,,,,,,,,,,,
Elettrotech,Elettricista,http://www.elettrotechfg.it,345 095 3344,"Via Simone Moffa, 50",San Severo,,info@elettrotechfg.it,http,Joomla,No,Aruba S.p.A. Network,61,87,92.00,Sì,No
Unica s.n.c di Audrito e Candela,Elettricista,https://unicasnc.it,339 630 5085,"Via Chambéry, 91",Torino,,,https,WordPress,No,Netsons s.r.l.,84,98,83.00,Sì,No
CF Elettro Impianti a Presicce Acquarica di Cazzato Andrea,Elettricista,http://www.cfelettroimpianti.it,388 890 7630,"Via Sicilia, 2",Presicce-Acquarica,,info@cfelettroimpianti.it,http,WordPress,No,Aruba S.p.A.,62,92,92.00,Sì,No
Nuova Impiantistica Di Minervini & C. S.D.F.,Elettricista,,0883 629960,"Via Giulio Pastore, 47",San Ferdinando di Puglia,,,,,,,,,,,
Sit Impianti,Elettricista,,345 721 8899,"Via Monte S. Michele, 30",Lucera,,,,,,,,,,,
Per.Ind.Bartolomeo Ortuso - Impianti Elettrici Civili Ed Industriali D,Elettricista,,0884 585836,"4 Viale dell' Industria, Manfredonia, FG 71043",Manfredonia,,,,,,,,,,,
MULTIMPIANTI,Elettricista,https://www.multimpianti.com,333 502 4705,"Via Washington, 97",Lucera,,info@multimpianti.com,https,WordPress,Sì,Aruba S.p.A,64,94,92.00,Sì,No
Re.Mi. Impianti Di Renzullo M.,Elettricista,,0884 535026,"Via Martin Luther King, 12",Manfredonia,,,,,,,,,,,
Ditta Pistillo Severo,Elettricista,,328 715 2781,"Via Trani, 113",San Severo,,,,,,,,,,,
PAGLIONE IMPIANTI Srl,Elettricista,http://www.paglioneimpianti.it,0884 588667,Via S. Rocco,Manfredonia,,info@paglioneimpianti.it,http,WordPress,No,Aruba S.p.A. Network,68,90,92.00,Sì,No
Camporeale Impianti srl - Antifurto Domotica Impianti elettrici,Elettricista,http://www.camporealeimpiantisrl.it,345 164 8288,"Via Caduti in Guerra, 11",Carovigno,,info@camporealeimpiantisrl.it,http,ASP.NET,No,Aruba S.p.A,60,93,91.00,Sì,No
GS - Materiale elettrico e illuminotecnica di Giuseppe Salvemini,Servizio di installazione elettrica,,0884 661551,"Viale Beccarini, 70",Manfredonia,,,,,,,,,,,
Ga Impianti Di Gervasio Antonio,Elettricista,,0885 792975,"Via Spagna, 9",Orta Nova,,,,,,,,,,,
Teknoelectri System srl,Elettricista,,0885 981155,"Largo Risorgimento, 25",Orta Nova,,,,,,,,,,,
Dipergola Francesco Paolo,Elettricista,,0885 787062,"Via Quiriti, 3",Orta Nova,,,,,,,,,,,
Fsc Electric Italy,Elettricista,,388 344 5430,Via Luigi Obertj,Foggia,,,,,,,,,,,
Elettricista Lecce,Elettricista,,373 523 3972,"Via G. Matteotti, 9",Palmariggi,,,,,,,,,,,
Euro Impianti Srl,Elettricista,,089 863821,"Corso Umberto I, 157",Montecorvino Rovella,,,,,,,,,,,
"La Vecchia Service, srl a socio unico.",Elettricista,,0825 422263,"Contrada Beatrice 87, Bonito, AV 83032",Bonito,,,,,,,,,,,
Techno Impianti Srl,Elettricista,http://www.technoimpianti.it,0874 810330,"Via Giambattista Vico, 69",Campobasso,,,http,WordPress,No,Aruba S.p.A,41,88,77.00,Sì,No
Impresa Energy,Elettricista,,333 483 9279,"Via Boschetto, 32",Prata di Principato Ultra,,,,,,,,,,,
MW Impiantistica Generale s.r.l.,Elettricista,,347 852 8801,"Via della Vittoria, 79",San Marco in Lamis,,,,,,,,,,,
Idraulica Service srl - Concessionaria Ufficiale Assistenza Caldaie Unical,Ditta specializzata in impianti di riscaldamento,http://concessionari.unicalag.it/foggia/idraulica-service-srl-di-marino-martella,339 404 4260,"Largo Podgora, 11",Pietramontecorvino,,,http,React,Sì,Server Plan S.r.l.,63,97,82.00,Sì,No
MIECI Mancarella Impianti Elettrici Civili e Industriali,Elettricista,http://www.miecimpianti.it,340 307 3229,"Via Vittorio Veneto, 17",San Pietro In Lama,,info@miecimpianti.it,http,WordPress,No,WIIT AG,100,100,67.00,Sì,No
Tecno Impianti di Rotolo Pellegrino,Elettricista,,338 766 3424,"san, Via Calisi, 39A",San Marco dei Cavoti,,,,,,,,,,,
Gdcimpianti,Elettricista,,392 140 7790,Corso Amedeo D'Aosta,San Severo,,,,,,,,,,,
Dragonetti Massimo,Elettricista,,0882 551699,"Via Giacomo Leopardi, 4",San Paolo di Civitate,,,,,,,,,,,
Teknoallarm di Pertosa Matteo,Elettricista,,330 436 160,"Via Giuseppe Zanardelli, 2",San Nicandro Garganico,,,,,,,,,,,
D.l.g. S.a.s. Di De Lorenzo Giuseppe Antonio E C.,Elettricista,,0882 441936,"Via San Matteo, 28",San Severo,,,,,,,,,,,
Ad Impianti Elettrici di D'Agostino Antonio,Elettricista,,338 983 4259,"Via Madonna delle Grotte, 187",Rocchetta a Volturno,,,,,,,,,,,
Nardella Impianti Elettrici,Elettricista,,349 529 7987,"Via Celenza, 56",San Severo,,,,,,,,,,,
Sistemi Globali Sas Di Marinaccio Raffaele,Elettricista,,0881 981117,"Via Caporale Antonio Bonito, 47",Accadia,,,,,,,,,,,
ELEKTRO IMPIANTI,Elettricista,,349 594 8471,"Via S. Donato, 26",San Giovanni Rotondo,,,,,,,,,,,
Gruppo Elettrotecnica Di D'Alonzo Gabriele,Elettricista,,085 894 1217,"Via Mantegna, 60",Roseto degli Abruzzi,,,,,,,,,,,
Martella Alfredo,Elettricista,,085 894 1173,"Via Albania, 1",Roseto degli Abruzzi,,,,,,,,,,,
BG Impianti Elettrici di Bersaglieri Giuseppe,Elettricista,,339 438 9498,"Via Vittorio Emanuele, 38",Riccia,,,,,,,,,,,
S.i.a. Gas srl,Elettricista,https://siagas.it,0824 851064,"00, Via Pianelle, Pontelandolfo, BN 82027",Pontelandolfo,,,https,React,No,Serverplan S.r.l.,60,89,100.00,Sì,No
"De Bonis Group | Vendita, Consulenza e Manutenzione Caldaie, Pompe di Calore e Impianti Fotovoltaici",Ditta specializzata in impianti di riscaldamento,http://www.debonisgroup.it,0882 452510,Via Pasquale Turbacci,San Giovanni Rotondo,,,http,ASP.NET,No,Aruba S.p.A. Network,100,100,73.00,Sì,No
Elettrosud Impianti,Elettricista,,080 459 2113,"Via V. Alfieri, 28",Adelfia,,,,,,,,,,,
F.lli Cassano S.r.l.,Elettricista,,347 777 0649,"Via Conella, 27",Adelfia,,,,,,,,,,,
DI.MA. Impianti & Costruzioni,Elettricista,,080 459 3084,"Via Vittorio Veneto, 92",Adelfia,,,,,,,,,,,
Rovea Impianti,Elettricista,https://impiantirovea.it,380 444 0022,"Via S. Giovanni Battista, 9",San Giovanni Rotondo,,saveriorovea@gmail.com,https,WordPress,Sì,Signet B.V.,53,77,85.00,Sì,No
Di Silvestre Group srl,Servizio di installazione elettrica,https://www.disilvestregroup.com,085 894 1769,"Via Macallè, 2/bis",Roseto degli Abruzzi,,info@disilvestregroup.com,https,React,Sì,Aruba S.p.A.,56,76,100.00,Sì,No
Elettr.Di Giovinazzo Rocco Via Vitt.Veneto 168 Adelfia,Elettricista,,080 459 4498,"Via Vittorio Veneto, 168",Adelfia,,,,,,,,,,,
Dts Impianti Sas Di Di Camillo Tommaso & C.,Elettricista,,339 898 6093,"Via S. Pietro, 46",Mirabello Sannitico,,,,,,,,,,,
Iurilli Impianti,Elettricista,,080 459 1826,"Via Vittorio Veneto, 82",Adelfia,,,,,,,,,,,
Elettricista: Elettronica Impianti di Troia Cesario,Elettricista,,330 786 774,"Via Scevola Muzio, 28",Andria,,,,,,,,,,,
De.Bi. Impianti Elettrici Di De Martino Luigi Foggia,Elettricista,,389 343 6903,"Via G. Galilei, 5",Carapelle,,,,,,,,,,,
Vi.Mar Elettrik Di Marino Ventura,Elettricista,,368 577 262,"Largo Labirinto, 25",Bisceglie,,,,,,,,,,,
P.M.IMPIANTI,Elettricista,http://pmimpiantielettrici.it,320 648 3893,"Via Michele Tupputi, 16",Barletta,,,http,React,No,Hetzner Online GmbH,82,95,100.00,Sì,No
Elettricista antennista TEKNOIMPIANTI,Elettricista,,320 853 3102,"Frazione Cerasito, 4",Frosolone,,,,,,,,,,,
Carlà Lab Srl,Impianto solare fotovoltaico,http://www.carlalab.it,0832 177 8264,"Via Olanda, 6",Zona Industriale,,info@carlalab.it,http,Basekit,No,Aruba S.p.A.,60,66,92.00,Sì,No
Borgia Giovanni,Elettricista,,0833 873532,"Via Regina Elena, 24",Nardò,,,,,,,,,,,
ELE.MAC. | Impianti Elettrici e Fotovoltaici,Elettricista,,338 497 3406,"Via Don Luigi Sturzo, 2",Trinitapoli,,,,,,,,,,,
Gronik Impianti,Elettricista,,366 328 6622,"Via Tommaso Fiore, 28",Trinitapoli,,,,,,,,,,,
Biccari G.,Elettricista,,360 826 153,"Via Garibaldi, 89",Margherita di Savoia,,,,,,,,,,,
Uemme Impianti Elettrici,Elettricista,https://uemmeimpianti.com,377 555 9743,"V.le Antonio Meucci, 12",Bari,,info@uemmeimpianti.it,https,WordPress,Sì,Aruba S.p.A.,70,92,85.00,Sì,No
Caporusso Impianti S.r.l.s.,Elettricista,,338 471 1192,"Via Vincenzo Mastrorocco, 48",Acquaviva delle Fonti,,,,,,,,,,,
ROPER impianti,Elettricista,,338 112 1217,"Via Leonardo da Vinci, 5",Acquaviva delle Fonti,,,,,,,,,,,
DL SERVICE SRL LUCA DI RUGGIERO,Elettricista,,338 308 3830,"Via Giancarlo Barbieri, 27",Acquaviva delle Fonti,,,,,,,,,,,
Eletrix impianti Elettrici,Elettricista,,335 174 0331,"Via Caduti di Tutte le Guerre, 50/A",Acquaviva delle Fonti,,,,,,,,,,,
Troilo Domenico,Elettricista,,080 757913,"Via Sacro Cuore, 21",Acquaviva delle Fonti,,,,,,,,,,,
Impianti elettrici Bari - Piepoli Impianti Elettrici - Elettricista Bari,Elettricista,,338 532 7891,"Via Marraffa, 16",Alberobello,,,,,,,,,,,
Longo Vito | Impianti Elettrici e Automazioni,Elettricista,,080 698 2423,"Traversa IV Nicola Pinto, 2",Castellana Grotte,,,,,,,,,,,
Aelteci Impianti Di Genna Vito,Elettricista,,335 537 1234,Via Giambattista Vico,Castellana Grotte,,,,,,,,,,,
Impianti Elettrici Elettronici De Tommaso Vincenzo Castellana Grotte,Elettricista,,349 456 5111,"Via Fratelli Bandiera, 34",Castellana Grotte,,,,,,,,,,,
A E I Impianti Elettrici Alberobello Srl,Elettricista,,080 432 2896,"Via Domenico Aversa, 13",Alberobello,,,,,,,,,,,
DOM Impianti elettrici ed elettronici,Elettricista,,327 668 9903,"Via Salvatore Bini, 13",Castellana Grotte,,,,,,,,,,,
Antonio Campanella,Elettricista,,360 369 599,"Via Monopoli, 56",Castellana Grotte,,,,,,,,,,,
E.S.I. Impianti srl,Elettricista,http://www.esiimpiantisrl.it,0883 679294,"Corso Vittorio Emanuele, 79",Margherita di Savoia,,,http,WordPress,Sì,Aruba S.p.A.,91,98,83.00,Sì,No
ELETTROTECNICA VIGI S.R.L.,Elettricista,http://www.elettrotecnicavigi.it,080 496 3307,"Via Angelo Viterbo, 26",Castellana Grotte,,info@elettrotecnicavigi.it,http,React,No,Server Plan S.r.l.,54,56,100.00,Sì,No
Elettrica Murgia di Terranova Michele,Elettricista,,389 115 0345,"Via Termoli, 84",Altamura,,,,,,,,,,,
Elettrica Cicirelli Srl,Elettricista,http://www.elettricacicirelli.it,080 310 5812,"Via dell’Ortica, 10",Altamura,,info@elettricacicirelli.it,http,WordPress,No,IT.Gate S.p.A.,72,82,92.00,Sì,No
Elettrica Leader S.R.L.,Elettricista,,080 314 1377,"Contrada, Via Bersaglio",Altamura,,,,,,,,,,,
AN IMPIANTI ELETTRICI di Antonio Natale,Elettricista,,328 824 5373,"Via Cremona, 34",Altamura,,,,,,,,,,,
Impianti Elettrici di Chironna Tommaso,Elettricista,,360 371 884,"Via Tommaso Grossi, 45",Altamura,,,,,,,,,,,
TECHNITAI SRL,Elettricista,http://www.technitai.it,080 311 6787,"STRADA COMUNALE ESTERNA 148, San Tommaso, 10",Altamura,,,http,WordPress,No,Server Plan S.r.l.,67,94,83.00,Sì,Sì
Electra Service Srl,Elettricista,http://logranoelectra.it,080 310 1120,"Via del Leccio, 11",Altamura,,amministrazione@logranoelectra.it,http,WordPress,No,OVH ISP,72,97,82.00,Sì,No
S & N Impiantistica Elettrica,Elettricista,,080 311 1132,Via S. Claudio,Altamura,,,,,,,,,,,
S.E.S.I. Snc Di Iurino & Squicciarini,Elettricista,,080 314 9422,"Ravenna, 20, Via, Via Udine, 12",Altamura,,,,,,,,,,,
Sa.Vi. Impianti Soc. Coop.,Elettricista,https://www.saviimpianti.it,080 967 5433,"Via Bezzecca, 54",Altamura,,info@saviimpianti.it,https,WordPress,No,SEEWEB s.r.l.,31,39,92.00,Sì,No
bp Elettrica,Elettricista,https://www.bpelettrica.com,080 432 2878,"Viale Luigi Einaudi, 53",Alberobello,,info@bpelettrica.com,https,WordPress,Sì,Aruba S.p.A.,57,74,92.00,Sì,No
Phoenix Elettronica s.a.s. di De Leonardis Emilio,Elettricista,http://www.phoenixelettronica.net,335 634 9428,"Via Papa Innocenzo XII, 19",Bari,,info@phoenixelettronica.net,http,ASP.NET,No,Seeweb s.r.l,85,100,100.00,Sì,No
I.E.M. Di Cozzoli Simone,Elettricista,,080 310 6818,"Via Ricovero di Mendicita', 93",Altamura,,,,,,,,,,,
Elettroimpianti Di Ricco Luigi,Elettricista,,080 553 3167,"Via dei Mille, 48",Bari,,,,,,,,,,,
Gallo Michele Michele,Elettricista,,338 197 6109,"Via Helsinki, 8",Altamura,,,,,,,,,,,
3c Impianti Societa' A Responsabilita' Limitata,Elettricista,http://www.3cimpianti.com,348 351 1467,"Via della Roverella, 46",Altamura,,info@3cimpianti.com,http,React,Sì,Aruba S.p.A. Network,39,47,77.00,Sì,No
Impianti Elettrici E Termoidraulica Gugliemi Angelo,Elettricista,,347 406 0449,"Via Sila, 19",Altamura,,,,,,,,,,,
Tommaso La Bottega Dell’Elettricista,Elettricista,,320 644 4435,"Via Municipio, 37",Bari,,,,,,,,,,,
NB Elettrica,Servizio di installazione elettrica,,347 753 0494,"Via Archita, 3",Bari,,,,,,,,,,,
Sitec di Chillari Michele,Riparazione antenne,,328 838 5621,Via Giuseppe Cardinale,Bari,,,,,,,,,,,
Pronto Elettricista Bari,Elettricista,,379 110 5220,Via Enrico Nannei,Bari,,,,,,,,,,,
VOLT,Elettricista,,320 236 4049,"Via Bari, 28",Matera,,,,,,,,,,,
Elettricità Lamacchia,Elettricista,http://elettricitalamacchia.wix.com/elettricitalamacchia,080 523 2188,"Via Quintino Sella, 15",Bari,,,http,Wix,Non trovato,Google LLC,79,98,36.00,No - Pagina Non Trovata (404),No
Maggi Michele,Elettricista,http://www.maggimichele.com,080 310 5547,"Via Umberto Maddalena, Snc",Altamura,,,http,React,Sì,Aruba S.p.A. Network,61,81,85.00,Sì,No
Edilelettrica di Pepe sante,Elettricista,,347 373 1176,"Via Papini Giovanni, 26c",Bitetto,,,,,,,,,,,
G V S Electronics,Elettricista,,080 556 9933,"Via Enrico Pessina, 32",Bari,,,,,,,,,,,
Ditta Schiralli Gregorio,Elettricista,,335 138 2020,"Via Montegrappa, 12",Bitetto,,,,,,,,,,,
Nardulli Impianti,Elettricista,,375 631 5348,"Viale Enrico de Nicola, 96",Mola di Bari,,,,,,,,,,,
General Impianti Snc,Elettricista,,080 535 4755,"Via S. Biagio, 4",Bitetto,,,,,,,,,,,
I L V I Impianti Di Alberto Ilenia,Elettricista,,080 968 4703,"Via Piscinelle, 34",Binetto,,,,,,,,,,,
SANNICANDRO NICOLA IMPIANTI ELETTRICI,Servizio di installazione elettrica,,338 749 0760,"Via Giovanna da Durazzo, 33",Bitonto,,,,,,,,,,,
Energeia di Alfonso Traetta,Elettricista,,080 321 7249,"Via Francia, 23",Bitonto,,,,,,,,,,,
Parisi Francesco,Elettricista,,338 323 2382,"Traversa Privata prima, Viale Europa, di",Bitonto,,,,,,,,,,,
Quattromini Impianti Srl,Elettricista,http://www.quattrominisrl.it,327 228 1499,"Via Pompei, N. 18",Altamura,,,http,React,No,Google LLC,76,71,100.00,Sì,No
Griseta Impianti Elettrici,Elettricista,http://grisetaimpiantielettrici.it,339 571 1478,"Viale Giacomo Matteotti, 144",Mola di Bari,,assistenza@webador.it,http,React,No,Google LLC,71,96,92.00,Sì,No
TECHNOLOGY DI CAIATI GREGORIO,Elettricista,,338 962 7077,"Via Rodolfo Morandi, 12",Bitonto,,,,,,,,,,,
Elettrica 2R di Romita Giuseppe,Elettricista,,338 333 9479,"Via Battisti, 33",Bitritto,,,,,,,,,,,
Edilux Di Losito Francesco S.r.l,Elettricista,,080 468 5337,"Via Boris Giuliani, 11",Capurso,,,,,,,,,,,
Elettromeccanica 2P di Petrosino E Poliseno snc,Elettricista,http://www.elettromeccanica2p.it/contatti,080 535 3525,"Strada Provinciale Bari, Km. 0.800",Modugno,,info@elettromeccanica2p.it,http,React,No,Aruba S.p.A.,82,80,85.00,Sì,No
Impianti Alternativi 2007 S.R.L.,Elettricista,,340 105 4443,"Via Luigi Einaudi, 41",Capurso,,,,,,,,,,,
PASCULLI IMPIANTI,Servizio di installazione elettrica,http://pascullimpianti.it,080 373 9010,"Via Generale Francesco Planelli, 58/3",Bitonto,,info@pascullimpianti.it,http,Joomla,No,Serverplan S.r.l.,89,96,83.00,Sì,No
Elettrica Ed Elettronica Di Ferri Vincenzo,Elettricista,,080 467 5580,"Via Andrej Sacharov, 53",Valenzano,,,,,,,,,,,
BF impianti di Cece Francesco,Elettricista,,347 284 8070,Via Pietro Nenni,Capurso,,,,,,,,,,,
Tecnobema S.r.l.,Elettricista,,347 752 1558,"Via Giovanni Battista Nenna, 14",Bari,,,,,,,,,,,
SUD ELETTRICA,Servizio di installazione elettrica,http://sud-elettrica.net,080 455 1431,"Via Casamassima, 90",Capurso,,info@sud-elettrica.com,http,ASP.NET,No,Aruba S.p.A. Network,97,100,91.00,Sì,No
Gilli Impianti,Servizio di installazione elettrica,,349 154 1162,"Via Berardino Pepe, 7/C",Capurso,,,,,,,,,,,
Siemme Group S.R.L.,Elettricista,,080 467 3680,"Via Montrone, 33",Valenzano,,,,,,,,,,,
Ca. Vi. Elettric Elettricista Impianti Elettrici,Elettricista,,320 480 5377,"Via Antonio Segni, 18/a",Cassano delle Murge,,,,,,,,,,,
Quarto Impianti di Daniele Quarto,Elettricista,,393 066 5140,"Trav. II, Via Giacomo Matteotti, 23",Cassano delle Murge,,,,,,,,,,,
La Fluidotecnica Del Geom. Spinelli Pietro S.R.L,Elettricista,,080 775947,"Via Convento, 202",Cassano delle Murge,,,,,,,,,,,
ENERGY S.P. IMPIANTI SNC,Elettricista,,349 748 9541,"Via Cav. Domenico Maldarelli, 1",Giovinazzo,,,,,,,,,,,
Francesco Servodio Installatore Impianti Di Francesco Servodio,Elettricista,,348 510 5365,"Via Enrico Toti, 26B",Cassano delle Murge,,,,,,,,,,,
Tecnoworld Srl,Elettricista,,080 360 1753,"Via Antonio Meucci, 4/B",Ruvo di Puglia,,,,,,,,,,,
Minafra Vito,Elettricista,,080 361 3078,"Via D'Abenevole, 29",Ruvo di Puglia,,,,,,,,,,,
Elettrosud Impianti Snc,Elettricista,,080 361 3246,"Via A. Scarlatti, 87N",Ruvo di Puglia,,,,,,,,,,,
Elettra Impianti Lucana Di Caldararo Immacolata I.,Elettricista,,080 763655,"Via Pietrangelo Lascaro, 1",Cassano delle Murge,,,,,,,,,,,
Fluidotecnica Srl,Elettricista,http://fluidotecnicasrl.it,080 763784,"VIA GRUMO, Via Della Scaletta Lotto n. 3 Z. I. , Cassano Delle Murge, BA, 70020",Cassano delle Murge,,,http,WordPress,No,Aruba S.p.A. Network,62,74,91.00,Sì,No
F.lli Di Vittorio Srl,Ditta specializzata in impianti di riscaldamento,,080 361 2226,"Via Peucetia, 5",Ruvo di Puglia,,,,,,,,,,,
Sea S.r.l.,Elettricista,http://www.seasrlimpianti.it/contatti,080 237 3133,"Via A. Scarlatti, 6",Ruvo di Puglia,,info@seasrlimpianti.it,http,React,Sì,Aruba S.p.A. Network,62,97,92.00,Sì,No
C.F. Impianti Di Contursi Felice,Elettricista,,080 361 1380,"Via D'Abenevole, 10",Ruvo di Puglia,,,,,,,,,,,
DITTA PRINCIPIO LEONARDO,Elettricista,,333 363 8118,"Via Luigi Digioia, 5",Cellamare,,,,,,,,,,,
Emme Bi Elettroclimax Di Bellincontro Maurizio,Elettricista,,080 465 7237,"Via Enrico Fermi, 28",Cellamare,,,,,,,,,,,
Sma. Vir. S.N.C. Di Smaldino F. & Roberto,Elettricista,,080 775591,"Via Francesco Cilea, 14",Cassano delle Murge,,,,,,,,,,,
Patrono Giuseppe,Elettricista,,080 675391,"Via Turi, 85",Casamassima,,,,,,,,,,,
Gadaleta Ignazio S.r.l.,Elettricista,http://www.gadaletaignazio.it,080 360 3022,"Vico Eroi di Cefalonia, 8",Ruvo di Puglia,,gadaletasrl@pec.it,http,ASP.NET,No,Aruba S.p.A. Network,74,96,82.00,Sì,No
ELETTROSOLVING SRL,Elettricista,http://www.elettrosolvingsrl.com,080 321 0757,"BA, Via de Deo Emanuele, 12",Ruvo di Puglia,,amministrazione@elettrosolvingsrl.it,http,Shopify,Sì,Aruba S.p.A. Network,48,66,92.00,Sì,No
Pirolo Vito,Elettricista,,080 671440,"Via Grazia Deledda, 17",Casamassima,,,,,,,,,,,
Futur Impianti,Elettricista,,368 762 5792,"Via Bettino Ricasoli, 4",Conversano,,,,,,,,,,,
Fc Impianti Srl,Servizio di installazione elettrica,http://www.fc-impianti.it,080 914 4926,"Piazza Aldo Moro, 22",Cellamare,,info@fc-impianti.it,http,WordPress,Sì,Aruba S.p.A. Network,61,83,85.00,Sì,No
IntelliSun,Servizio di installazione elettrica,,080 495 2426,"Via Francesco Positano, 21",Conversano,,,,,,,,,,,
Murolo Impianti - Tecnologie Elettriche,Elettricista,http://www.muroloimpianti.it,080 338 1696,"Via La Malfa, Parallela la Malfa Ugo, 1",Molfetta,,muroloimpiantionline@gmail.com,http,WordPress,No,Aruba S.p.A. Network,56,52,85.00,Sì,No
Impianti Electra,Elettricista,http://www.impiantielectra.it,348 603 4949,"Via de Iodero, 23",Ruvo di Puglia,,info@impiantielectra.it,http,WordPress,No,Aruba S.p.A. Network,55,66,100.00,Sì,No
D'Aquino Giovanni & C. (S.N.C.),Elettricista,,080 394 1719,"Via Napoli, 46",Giovinazzo,,,,,,,,,,,
BAVARO PAOLO IMPIANTI ELETTRICI CIVILI E INDUSTRIALI,Elettricista,,335 658 4673,"Via S. Francesco D'Assisi, 5",Giovinazzo,,,,,,,,,,,
Sides Impianti Srl,Elettricista,,080 326 4768,"Via Giorgio Bizet, 26",Gravina in Puglia,,,,,,,,,,,
MASTRANDREA IMPIANTI,Elettricista,,339 111 5312,"Via Cesare Battisti, 1",Gravina in Puglia,,,,,,,,,,,
LD IMPIANTI - Civili e Industriali,Elettricista,,329 976 0701,"Via Ragusa, 58",Gravina in Puglia,,,,,,,,,,,
NIMA srls di Nicolardi Marco,Elettricista,,339 754 0322,"Via Fratelli Bandiera, 2",Gravina in Puglia,,,,,,,,,,,
Oprar Divisione Impianti S.R.L.,Elettricista,,080 326 6008,"31/LOTTO Via Zona Pip, Gravina In Puglia, BA 70024",Gravina in Puglia,,,,,,,,,,,
Dipe Srl,Elettricista,,080 321 0101,"Via Arezzo, 3",Gravina in Puglia,,,,,,,,,,,
Elettricista Gioia del Colle Elettric Service di Rocco Antonicelli,Elettricista,,333 492 9380,"Via Monte Sannace, 6",Gioia del Colle,,,,,,,,,,,
Elettro M.T.S. Srl,Elettricista,,080 990 0557,"Via Bitonto, 78",Giovinazzo,,,,,,,,,,,
Tecnoelettroclima,Elettricista,,080 344 1346,"Via Don Sante Milano, 41",Gioia del Colle,,,,,,,,,,,
Elettrica Sistemi Di Capozzo Samuele,Elettricista,,080 326 2577,"Via Massimo d'Azeglio, 20",Gravina in Puglia,,,,,,,,,,,
Antonio Anicio,Elettricista,,338 577 7440,"Via Solferino, 17",Gioia del Colle,,,,,,,,,,,
A&T Electric,Elettricista,,331 582 1626,"Via Albertone, 89",Corato,,,,,,,,,,,
Pasquale PETRERA Installatore di impianti elettrici e di allarme,Elettricista,,338 321 8435,"Via Fratelli Cairoli, 66",Gioia del Colle,,,,,,,,,,,
Time di Quinto Cataldo,Servizio di installazione elettrica,http://timelectrical.it,329 616 3950,"Via Aleardi, 7",Corato,,info@timelectrical.it,http,WordPress,No,Server Plan S.r.l.,74,86,92.00,Sì,No
SAEL Technology di Aldo Mintrone,Elettricista,http://www.aldomintrone.it,333 636 3201,"Via Carellario da Napoli, 116",Corato,,,http,Joomla,No,Aruba S.p.A.,61,99,83.00,Sì,No
ZEROPROBLEMI,Elettricista,,338 900 8659,"Via Negrelli, 22",Corato,,,,,,,,,,,
LAM Srl Impianti Tecnologici | Elettricista | Gravina in Puglia BA,Elettricista,http://www.lamimpianti.it,338 993 9875,"Via Vincenzo Simone, 16",Gravina in Puglia,,info@lamimpianti.it,http,WordPress,No,Aruba S.p.A.,57,74,92.00,Sì,No
paganelli luigi,Elettricista,,392 697 0704,"Via Carlo Alberto, 13",Corato,,,,,,,,,,,
Amorese Serafino,Elettricista,,080 872 3144,"Viale V. Veneto, 92",Corato,,,,,,,,,,,
Lumen Impianti,Elettricista,http://www.lumen-group.it,080 237 8009,"Via Calatafimi, 13",Corato,,info@lumen-group.it,http,React,Sì,Netsons s.r.l.,67,86,100.00,Sì,No
Digennaro Impianti S.R.L.,Elettricista,https://ufficiodigennaroim.wixsite.com/disrl,080 326 3263,"Via Fratelli Bandiera, 94",Gravina in Puglia,,,https,React,No,Google LLC,62,99,85.00,Sì,No
Impiantistica Di Calella Tommaso,Elettricista,,080 431 6113,"Contrada Cinquenoci, 4",Locorotondo,,,,,,,,,,,
Eleko srls,Elettricista,http://www.eleko.it,342 020 4312,Via Cardona,Corato,,,http,Angular,No,Aruba S.p.A. Network,49,41,92.00,Sì,No
Pinto impianti di Pinto Giandomenico,Elettricista,,333 330 5003,Contrada mancinella 16,Locorotondo,,,,,,,,,,,
E.S.A DI DIAFERIA FRANCESCO S.R.L.,Elettricista,http://esaimpiantielettrici.it,080 898 4047,"Via Giuseppe Di Vittorio, 57",Corato,,,http,WordPress,No,Aruba S.p.A.,65,86,100.00,Sì,No
PUGLIA LUCE S.a.s.,Servizio di installazione elettrica,http://puglialuce.it,339 883 3240,"Via Crocifisso, 29/A",Corato,,info@puglialuce.it,http,ASP.NET,No,Host SpA,57,76,92.00,Sì,No
Smea Impianti S.R.L.,Elettricista,,080 538 2728,"Via delle Margherite, 6",Modugno,,,,,,,,,,,
Valerio Impianti S.N.C. Di Valerio Giovanni E Valerio Luigi,Elettricista,,080 535 4933,"Via Palese, 1C",Modugno,,,,,,,,,,,
Real Security Impianti,Elettricista,http://www.realsecurityimpianti.it,080 897 9472,"Via Lago Baione, 9",Corato,,,http,React,Sì,Netsons s.r.l.,31,35,92.00,Sì,No
AEM TECNOLOGY SRL,Elettricista,,02 8719 7681,"Via Salvatore Barzilai, 28",Modugno,,,,,,,,,,,
Elettronica Falcicchio Domenico,Riparazione antenne,,080 383 9584,"Via Mazzini, 14",Grumo Appula,,,,,,,,,,,
C.R.A. Distribuzione Sas Di Domenico Diliso & C.,Elettricista,,080 537 4890,"Via delle Mammole, 6",Modugno,,,,,,,,,,,
Di Pinto S.r.l.,Elettricista,,080 536 7426,"Km. 118 Strada Statale 96, Modugno, BA 70026",Modugno,,,,,,,,,,,
Tecnologie Sistemi Montaggi S.r.l.,Elettricista,,080 536 5008,"SP231, km 0.850",Modugno,,,,,,,,,,,
Penta System S.R.L.,Elettricista,https://pentasystem.org,080 535 4741,Largo degli Scalpellini 6 - Zona Artigianale,Modugno,,info@pentasystem.org,https,WordPress,No,Interoute Telecommunications (UK) Ltd,48,51,77.00,Sì,No
Energetic Puglia srl,Servizio di installazione elettrica,,380 179 9863,"Via Don Giovanni Minzoni, 8",Molfetta,,,,,,,,,,,
Tecnosistem s.a.s. di Lorenzo Magarelli & C.,Elettricista,http://www.tecnosistemsas.com,080 397 5502,"Via Giovanni Spadolini, 88",Molfetta,,,http,ASP.NET,No,Aruba S.p.A. Network,0,0,90.00,Sì,No
Gierre Impianti Elettrici,Elettricista,,333 911 1047,"Via Baccarini, 38",Molfetta,,,,,,,,,,,
GRUPPO CAMASTA,Elettricista,http://gruppocamasta.it,335 704 7383,"SS96, km 115+703",Modugno,,info@gruppocamasta.it,http,React,Sì,Aruba S.p.A.,54,76,92.00,Sì,No
sciancalepore pantaleo,Riparazione antenne,,347 171 5961,"Via Amente, 14",Molfetta,,,,,,,,,,,
Elettro Impianti Di De Gennaro Antonio & C. Sas,Elettricista,,080 338 1961,"Via Giovanni Spadolini, 98",Molfetta,,,,,,,,,,,
Sev Snc,Elettricista,,080 334 4986,"Via Bufi Tenente Sergio, 35",Molfetta,,,,,,,,,,,
GSM ELETTRICA,Elettricista,,392 159 3436,"Via dei Metalmeccanici, 36",Molfetta,,,,,,,,,,,
G.D. Tech Di Spezzacatena Corrado,Elettricista,http://www.gdtechimpianti.it,347 398 3499,"Via Massimiliano, Via Mayer, 34",Molfetta,,info@gdtechimpianti.it,http,ASP.NET,Sì,Aruba S.p.A. Network,85,80,100.00,Sì,No
Centro Sicurezza srl,Elettricista,,080 524 3459,"Via Monsignor Giacinto Petronio, 12 / 12A 70056",Molfetta,,,,,,,,,,,
LAERA GIOVANNI Srl,Servizio di installazione elettrica,,080 497 0052,"Via Alcide de Gasperi, 14-16",Noci,,,,,,,,,,,
Cramarossa Raffaele,Elettricista,,080 532 4379,"Via S. Francesco D'Assisi, 9",Modugno,,,,,,,,,,,
Tecnoimpianti di Simone Mario,Elettricista,,080 497 9998,"Via Zygmunt Kelz, 4",Noci,,,,,,,,,,,
Tecno Elettra di Cinquepalmi Francesco,Elettricista,,080 479 3346,"Via Giacomo Puccini, 18",Noicattaro,,,,,,,,,,,
Ele.M. Di Minervini Vincenzo,Elettricista,http://www.elemimpianti.it,080 338 7446,"Km. 0.100 Strada Provinciale Molfetta-terlizzi, Molfetta, BA 70056",Molfetta,,info@elemimpianti.it,http,WordPress,No,Server Plan S.r.l.,87,81,75.00,Sì,No
G.B. Impianti,Elettricista,,345 156 9983,"Via Annunziata, 71",Molfetta,,,,,,,,,,,
I. P. Solutions Di Porta Ilario,Elettricista,,080 397 5743,"Via Raffaele Cormio, 10",Molfetta,,,,,,,,,,,
Spadavecchia Impianti Snc,Elettricista,http://www.spadavecchiaimpianti.it,080 332 4752,"Via Tommaso Grossi, 18/20",Molfetta,,info@spadavecchiaimpianti.it,http,WordPress,No,Aruba S.p.A.,62,92,92.00,Sì,No
Rescina Giuseppe,Elettricista,,080 478 1864,"Via Lenoci, 10",Noicattaro,,,,,,,,,,,
Molseni Impianti S.R.L.,Elettricista,,080 397 1710,"Via Rosa Picca, 30G",Molfetta,,,,,,,,,,,
D & C Impianti Elettrici,Elettricista,,328 319 0615,"Viale della Costituzione, 36/B",Noicattaro,,,,,,,,,,,
Tecnologie Elettriche,Elettricista,https://www.tecnologielettriche.it,080 512 1097,Viale Agostino Dipierro,Noicattaro,,info@tecnologielettriche.it,https,WordPress,Sì,Aruba S.p.A. Network,88,92,92.00,Sì,No
Ferretti Impianti di Francesco Ferretti,Elettricista,,392 683 9827,"Vico Castelfidardo, 3",Monopoli,,,,,,,,,,,
Elettro Romito,Elettricista,https://www.elettrodiromito.com,347 809 6918,"Via Gaetano Donizetti, 32",Rutigliano,,info@elettrodiromito.com,https,Typo3,No,Aruba S.p.A.,66,80,100.00,Sì,No
Idroelettromeccanica Di Diciolla Giovanni & C. S.N.C.,Elettricista,,080 478 0349,Via S. Vincenzo,Noicattaro,,,,,,,,,,,
MATLA srl,Impianto solare fotovoltaico,https://www.matlasrl.it,339 623 1182,"Viale della Resistenza, 35",Noicattaro,,,https,Angular,No,Aruba S.p.A. Network,22,40,92.00,Sì,No
Diendi Srl,Elettricista,http://www.diendi.it,080 505 3151,"SP1, Modugno, Bari, Km 0,800",Modugno,,,http,ASP.NET,No,Aruba S.p.A. Network,73,85,100.00,Sì,No
Ferus Tecnologie Srl,Elettricista,,080 410 7492,"Via Baione, 34",Monopoli,,,,,,,,,,,
"Domosystek Impianti di videosorveglianza e antintrusione, certificati Aura e Tecnoalarm",Servizio di installazione elettrica,http://www.domosystek.it,392 348 5931,"Via Giovanni di Leva, 20",Noicattaro,,,http,Joomla,Sì,Aruba S.p.A.,32,52,92.00,Sì,No
Elettra Impianti,Elettricista,,080 841 2453,"Contrada Marzone, Monopoli, BA 70043",Monopoli,,,,,,,,,,,
ITALTRONIC impianti elettrici ed elettronici,Elettricista,,331 326 6055,"Via Giuseppe di Vittorio, 10",Monopoli,,,,,,,,,,,
SVS s.r.l.,Elettricista,http://www.svssrl.net,080 536 7817,"Via XX Settembre, 44",Modugno,,amministrazione@svssrl.net,http,React,Sì,SEEWEB s.r.l.,47,67,85.00,Sì,No
Jonica Impianti Di Monopoli Sante,Elettricista,http://www.jonicaimpianti.com,099 400 2427,"Via Venezia, 204",Taranto,,,http,ASP.NET,No,SEEWEB s.r.l.,69,96,82.00,Sì,No
Im Tecnologie,Elettricista,,080 478 1911,"Via Bovio, 27",Noicattaro,,,,,,,,,,,
Hi Tech Security di Valenzano Vito,Elettricista,http://hitechsecurity.it,345 969 2625,"Via G. Fortunato, 39",Rutigliano,,info@hitechsecurity.it,http,React,No,Netsons Network,56,72,92.00,Sì,No
Climasystem di Albanese Cosimo & C. sas,Ditta specializzata in impianti di riscaldamento,,080 777707,"Via Leonardo Cirullo, 7/9",Monopoli,,,,,,,,,,,
Centomani Light,Elettricista,,339 727 7228,"Contrada Cristo della Cozzana, 443/b",Monopoli,,,,,,,,,,,
Elektra Impianti Elettrici,Elettricista,,080 450 8006,"Via Luigi Pirandello, 8",Monopoli,,,,,,,,,,,
Elettronova Di Napoletano Michele,Elettricista,,080 937 2640,"Viale delle Rimembranze, 20",Monopoli,,,,,,,,,,,
Volt.ampere,Elettricista,http://voltpuntoampere.it,340 915 1501,"Via Antonelli, 93",Monopoli,,info@voltpuntoampere.it,http,WordPress,No,Aruba S.p.A. Network,56,77,100.00,Sì,No
Elettroservice Di Antonio Lenoci Realizzazione Impianti Elettrici Elettronici,Elettricista,,338 788 1942,"Via Aurelio Sereno, 1/F",Monopoli,,,,,,,,,,,
Vigil Impianti Srl,Elettricista,https://vigilimpianti.it,333 961 8710,"Via Conchia, 54",Monopoli,,info@vigilimpianti.it,https,WordPress,Sì,Servereasy Srl,75,92,85.00,Sì,No
Teknoup Impianti Elettrici,Elettricista,https://teknoup.it,080 246 2107,"Via Ludovico Pepe, 7",Monopoli,,info@teknoup.it,https,WordPress,Sì,Netsons s.r.l.,38,70,100.00,Sì,No
Pro.Energy Srl,Elettricista,http://www.lavarra-proenergy.it,080 745199,"Via Vincenzo Cuoco, 28",Monopoli,,mail@lavarra-proenergy.it,http,WordPress,Sì,Aruba S.p.A.,56,72,92.00,Sì,No
Electric di Paolo Lupo,Elettricista,http://www.electricdipaololupo.it,339 806 5451,"Via Papa Giovanni XXIII, 33",Monopoli,,electricdipaololupo@libero.it,http,Mobirise,No,Aruba S.p.A. Network,56,71,91.00,Sì,No
ELETTRIK S.R.L.,Servizio di installazione elettrica,,379 195 6245,"Vico Pietro Nenni, 21",Putignano,,,,,,,,,,,
Pisani snc,Servizio di installazione elettrica,http://pisanimonopoli.it,328 656 8370,"Via M. Sforza, 45",Monopoli,,,http,ASP.NET,No,Aruba S.p.A. Network,100,100,91.00,Sì,No
Dela Snc Di De Leonardis Giovanni Vito & Laterza Giuseppe,Elettricista,,080 405 1236,"Via S. Girolamo, 3",Putignano,,,,,,,,,,,
Elettronimpianti,Servizio di installazione elettrica,,339 273 0800,Via Arrigo Boito,Putignano,,,,,,,,,,,
Sky Service | Linkem Electronic Service,Elettricista,,347 610 5552,"Via Francesco Saverio Sammarelli, 5",Monopoli,,,,,,,,,,,
Nardelli Raffaello,Elettricista,,080 405 3073,"V. Richard Wagner, 6",Putignano,,,,,,,,,,,
Signorile Impianti Srl,Elettricista,,080 477 1144,"1 Via Platone, Rutigliano, BA 70018",Rutigliano,,,,,,,,,,,
Sportelli Pasquale,Elettricista,,080 424 7099,"Via Papa Giovanni XXIII, 92",Polignano a Mare,,,,,,,,,,,
Elettroteam Di Napoletano A. & C.,Elettricista,,080 937 2230,"Via Aurelio Sereno, 46",Monopoli,,,,,,,,,,,
Elettrica Impianti Di Stragapede Pino,Elettricista,,080 628089,"Via de Ceglie Tenente Mauro, 34",Palo del Colle,,,,,,,,,,,
Future Electric Led di Dalena Giuseppe Antonio,Elettricista,https://futurelettricled.it,389 648 5443,"Via Alessandro Piccirilli, 44",Putignano,,futurelectricled@gmail.com,https,React,Sì,Netsons s.r.l.,62,71,100.00,Sì,No
Pagano Impianti | Impianti elettrici civili e industriali,Elettricista,,338 882 9935,"Via Benedetto Croce, 22",Palo del Colle,,,,,,,,,,,
Dursi Marco,Elettricista,,080 627893,"Via Emanuele Filiberto, 30",Palo del Colle,,,,,,,,,,,
Ru.Ca. Di Nicola Canonico S.R.L. Unipersonale,Elettricista,,080 991 1717,"Via Alcide De Gasperi, 11",Palo del Colle,,,,,,,,,,,
Elettrica M Di Del Sole Michele,Elettricista,,080 628052,"Via Don Luigi Sturzo, 43",Palo del Colle,,,,,,,,,,,
Elettro Sistemi,Elettricista,,347 261 0689,"Via Giuseppe Giusti, 15",Grottaglie,,,,,,,,,,,
Elettro Service Taranto,Elettricista,,348 705 5728,Via Giuseppe Garibaldi,Taranto,,,,,,,,,,,
Marangiolo Vito,Elettricista,,099 533 7040,"Via Paolucci, 124",Pulsano,,,,,,,,,,,
Capuzzelli Cosimo,Elettricista,,099 956 1284,"Via Dante, 26",Fragagnano,,,,,,,,,,,
Technomont Taranto Srl,Elettricista,,099 772 4496,"Via Lago di Nemi, 5",Taranto,,,,,,,,,,,
Ginex Gaetano,Elettricista,https://www.ginexsrl.it/contattaci,080 625882,"2/A L5, Strada Provinciale Palo Bitonto, Palo Del Colle, BA 70027",Palo del Colle,,info@ginexsrl.it,https,React,No,Aruba S.p.A.,63,93,77.00,Sì,No
Elettro G.A. Quadri Elettrici,Elettricista,https://www.elettro-g-a.it,338 593 7757,Largo Don Giuseppe Puglisi,Polignano a Mare,,nome@email.com,https,WordPress,No,Aruba S.p.A.,44,25,100.00,Sì,No
C.E.F.F. Impianti di Francesco Quaranta,Elettricista,,328 472 4214,"Via XXV Aprile, 31",Grottaglie,,,,,,,,,,,
TEKNO IMPIANTI di Vito Piergianni,Elettricista,,346 225 0976,"Via Dante Alighieri, 9",San Giorgio Ionico,,,,,,,,,,,
Electric System di Racanelli Fedele,Elettricista,,333 484 9053,"Via Scesciola, 20",Sannicandro di Bari,,,,,,,,,,,
Dea Impianti S.R.L.,Elettricista,http://www.deaimpianti.eu,099 473 0597,"Via della Transumanza, 5",Taranto,,info@deaimpianti.it,http,React,No,Servereasy Italy,66,87,83.00,Sì,No
"Gruppo Basetti Impianti | Sistemi allarme, elettrici e domotici | Taranto",Elettricista,https://www.impiantibasetti.it,099 974 8124,"Via Umberto Giordano, 6",Sava,,info@impiantibasetti.it,https,WordPress,Sì,Aruba S.p.A. Network,40,64,92.00,Sì,No
Elettro Tecnica Di Carone L. E Sblano N. s.n.c.,Servizio di installazione elettrica,,080 633169,Via Estramurale 18 (C.da Sarella,Sannicandro di Bari,,,,,,,,,,,
S.G.E. di Giuseppe Saulle,Elettricista,,339 395 6967,"Via Pisacane 58, Via Giuseppe Capaldi, 44",Bari,,,,,,,,,,,
DM Electric Service,Elettricista,,338 723 8925,"Via Pietro e Maria Curie, 13",Santeramo In Colle,,,,,,,,,,,
Illumìnati Impianti Elettrici by A. Gatti,Elettricista,,339 465 6612,Via Guido Rossa,Santeramo In Colle,,,,,,,,,,,
G.S. SISTEMI Impianti Elettrici ed Elettronici,Elettricista,,339 338 9213,"Via Alessandro Manzoni, 102",Santeramo in Colle,,,,,,,,,,,
Porfido Impianti S.R.L.,Elettricista,,080 302 6384,"Largo Convento, 12",Santeramo In Colle,,,,,,,,,,,
ELETTROTECNICA PERNIOLA,Elettricista,,338 822 7152,"Via On, Via Giovanni Amendola, N. 29",Santeramo In Colle,,,,,,,,,,,
C.F. Impianti Di Cacciapaglia Francesco,Elettricista,,080 302 4212,"Via Gioia, 1",Santeramo In Colle,,,,,,,,,,,
Carcagnì Impianti di Carcagnì Francesco,Elettricista,http://www.carcagni-impianti.it,329 091 3361,"Via Cremona, 46",Galatina,,carcagni.impianti@virgilio.it,http,WordPress,No,Aruba S.p.A.,66,76,77.00,Sì,No
S.i.e Impianti Elettrici,Elettricista,,080 302 3129,Via Campania,Santeramo In Colle,,,,,,,,,,,
Fraccalvieri Impianti,Elettricista,http://swite.com/fraccalvieriimpianti,339 777 3845,"Via L. Albertini, 15",Santeramo In Colle,,,http,Angular,No,Aruba S.p.A. Network,17,23,85.00,Sì,No
Elettrotime Impianti,Elettricista,http://elettrotimeimpianti.it,080 769501,"Corso Vittorio Emanuele III, 147",Sannicandro di Bari,,,http,ASP.NET,No,Aruba S.p.A. Network,75,90,82.00,Sì,No
"Impiantistica di Giangregorio Franco Elettricista , Impianti Elettrici - Terlizzi",Elettricista,,080 351 2140,"Via Tripoli, 93",Terlizzi,,,,,,,,,,,
I.E.C.I. Di Cianciotto Matteo,Elettricista,,080 603876,"Via Gaetano Donizetti, 44",Toritto,,,,,,,,,,,
Studio Tecnico Quarta P.I. Claudio,Elettricista,,333 466 5181,"Via Sanzio Raffaello, 26",Lecce,,,,,,,,,,,
Elektra Impianti S.R.L.,Elettricista,,339 878 4767,"Via Antonio Filieri, 16",Lequile,,,,,,,,,,,
SA.VI.M Elettrica,Elettricista,,347 489 9294,"Via Francesco Valentini, 3",Turi,,,,,,,,,,,
S.a.e. Impianti Di Scavo Vito,Elettricista,,080 468 2241,"Via Kennedy John Fitzgerald, 38",Triggiano,,,,,,,,,,,
R.C. Elettronica Di Rubino Giovanni,Elettricista,,080 468 5111,"Via Lame, 8B",Triggiano,,,,,,,,,,,
Electronic Solutions di Michele Pierri,Elettricista,,392 032 1879,"Via Valenzano, 4",Bari,,,,,,,,,,,
Elettrotecnica Italiana Smart,Elettricista,https://elettrotecnicasmart.it,392 987 1327,"Via Gino Strada, 16",Bari,,eismart@pec.it,https,WordPress,Sì,Interoute Telecommunications (UK) Ltd,56,89,85.00,Sì,No
ElettroEmme,Elettricista,,389 236 6085,"Via Pola, 1",Bernalda,,,,,,,,,,,
Domotec di Zaccaria Vito,Elettricista,,080 444 6914,"Via Domenico Cirillo, 17",Cisternino,,,,,,,,,,,
Capogrosso Gregorio,Elettricista,,099 979 4751,"Piazza Domenico Ciraci, 4",Manduria,,,,,,,,,,,
Delta Elettronica,Elettricista,http://www.deltaelettronicabari.it,080 556 2320,"Via Domenico Cirillo, 52",Bari,,info@deltaelettronicabari.it,http,Angular,Sì,Netsons s.r.l.,59,79,92.00,Sì,No
Imp.El. di Soloperto Carmelo,Elettricista,,333 592 6003,"Via Maruggio, 68",Manduria,,,,,,,,,,,
Cursano Impianti,Elettricista,http://www.cursanoimpianti.it,349 452 4362,"Via Brindisi, 38/A",San Pietro Vernotico,,cursanoimpianti@gmail.com,http,Joomla,No,Hostinger International Limited,65,87,100.00,Sì,No
ELETTRO SYSTEM Impianti & Sistemi Tecnologici di d'Amuri Vincenzo,Elettricista,,380 354 4805,"Via Attilio Regolo, 7",Erchie,,,,,,,,,,,
Di Elle Impianti Di Dinoi Leonardo,Elettricista,,099 971 1514,"Via Santa Lucia, 14",Manduria,,,,,,,,,,,
Elettroimpianti Giordano,Elettricista,,347 624 9401,"Via Giovanni Falcone, 1",Manduria,,,,,,,,,,,
Global Service Di Linsalata Pietro,Elettricista,https://www.globalserviceginosa.it,099 829 1308,"Via Federico di Svevia, 14",Ginosa,,globalserviceginosa@libero.it,https,Shopify,Sì,Aruba S.p.A.,57,78,92.00,Sì,No
Im.Ed. Srl,Elettricista,http://www.imed.srl,099 979 5540,"Via Galeso, 20",Manduria,,,http,Joomla,No,Server Plan S.r.l.,73,98,92.00,Sì,No
N. & G. S.r.l.,Elettricista,http://www.negimpianti.it,099 880 7695,"Viale Magna Grecia, 38",Massafra,,info@negimpianti.it,http,ASP.NET,No,Aruba S.p.A. Network,92,100,91.00,Sì,No
Euroimpianti S.R.L.,Elettricista,,099 880 4798,"Via Vincenzo Lavigna, 29",Massafra,,,,,,,,,,,
Lanzillotti Michele,Elettricista,,099 971 1630,"Via Daunia, 50",Manduria,,,,,,,,,,,
IMPETECH S.r.l.s.,Elettricista,http://www.impetech.it,347 462 0226,"Corso Vittorio Emanuele II, 117",Ginosa,,contatti@impetech.info,http,ASP.NET,Sì,OVH SAS,60,82,92.00,Sì,No
D' Amico Francosimo,Elettricista,,080 444 4225,"Via Domenico Cirillo, 97",Cisternino,,,,,,,,,,,
A. G. E. SERVICE DI CISTERNINO PIERPAOLO,Elettricista,,338 975 1483,"Località, Via Forcellara S. Sergio, 1",Massafra,,,,,,,,,,,
Tonio Natile - TN Impianti,Elettricista,,333 429 2342,"Via Giuseppe Mazzini, 62",Castellaneta,,,,,,,,,,,
SMEA IMPIANTI S.r.l.,Elettricista,https://www.smeaimpiantisrl.it,099 979 6920,"Via Roma, 73",Manduria,,,https,WordPress,No,Aruba S.p.A.,56,78,100.00,Sì,No
DP Impianti Elettrici Sas di Domenico Pavone,Elettricista,,393 477 7137,"Via Alessandro Fleming, 39",Castellaneta,,,,,,,,,,,
Grin Srl,Ditta specializzata in impianti di riscaldamento,http://grinsrl.it,099 957 3154,Contrada Forche Zona Industriale,Torricellla,,info@grinsrl.it,http,WordPress,Sì,Aruba S.p.A. Network,55,73,92.00,Sì,No
Pi Elle Impianti S N C,Elettricista,,099 844 7533,"Viale Aldo Moro, 10",Castellaneta,,,,,,,,,,,
Ditta Basile Snc Di Basile Antonio E Gianluca,Elettricista,,099 849 1221,"Via delle Spinelle, 73",Castellaneta,,,,,,,,,,,
Security System di Cinieri Gianpiero,Elettricista,http://www.securitys.it,379 189 2586,"Via Tito Speri, 35A",Sava,,,http,WordPress,No,Aruba S.p.A. Network,56,62,85.00,Sì,No
G.e.i.t. S.r.l.,Elettricista,,099 880 2581,"Via Colonnello Scarano, 46",Massafra,,,,,,,,,,,
Hi Tech Service,Elettricista,,099 779 8897,"Via Ancona, 18",Taranto,,,,,,,,,,,
Home Innovation System,Elettricista,,346 080 8609,"Via Balilla, 30",San Michele Salentino,,,,,,,,,,,
Fedele Francesco,Elettricista,,099 849 5277,"Via Settembrini, 2",Palagianello,,,,,,,,,,,
Elettrica futura,Elettricista,,347 781 3461,"Via Giacomo Matteotti, 67",Palagianello,,,,,,,,,,,
Elettricstar,Elettricista,,340 873 2980,"Via Antonio Cantore, 42",Martina Franca,,,,,,,,,,,
E.M.I. Impianti Di Miccoli Emidio,Elettricista,,099 474 1857,"Corso Vittorio Emanuele III, 137",Statte,,,,,,,,,,,
Giutech Impianti,Elettricista,,373 526 5878,via San Marco,Palagiano,,,,,,,,,,,
Joule S.r.l.,Elettricista,http://www.joulesrl.it,099 613625,"Contrada Alezza, Crispiano, TA 74012",Crispiano,,,http,ASP.NET,No,Aruba S.p.A. Network,99,100,90.00,Sì,No
Protek S.r.l.,Elettricista,,099 886 2203,"Via Giovanni Verga, 36",Mottola,,,,,,,,,,,
Impiantistica di Alfredo Ferrante Monteparano,Ditta specializzata in impianti di riscaldamento,,347 080 4047,"Via Giulio Cesare, 69",Monteparano,,,,,,,,,,,
Comes Spa,Elettricista,https://comesspa.com,099 475 1311,"v. Statte, 4850",Taranto,,info@comesspa.com,https,WordPress,Sì,Server Plan S.r.l.,59,78,92.00,Sì,No
Climatec Srl Assistenza Caldaie,Ditta specializzata in impianti di riscaldamento,https://www.climatec.info,351 887 1379,"Corso Umberto I, 280",Crispiano,,amministrazione@climatec.info,https,React,No,Netsons Network,40,50,92.00,Sì,No
Impiantistica dell'Acqua Carlo,Elettricista,https://www.impiantisticadellacquacarlo.eu,349 637 9361,"Via Matera, 54",Palagiano,,impiasud@gmail.com,https,Shopify,Sì,Aruba S.p.A.,56,84,100.00,Sì,No
Mek Impianti di Antonio De Crescenzo,Elettricista,,338 981 6994,"Via Salvatore Allende, 5a",Mottola,,,,,,,,,,,
Elettricista Mottola M.P. Impianti Di Mottola Pasquale...,Elettricista,,339 179 8475,"Via Enrico Fermi, 6",Trentola Ducenta,,,,,,,,,,,
T&D S.r.l.,Servizio di installazione elettrica,http://impresated.it,099 886 3964,"Via Scarlatti, 16",Palagiano,,info@impresated.it,http,Shopify,Sì,Server Plan S.r.l.,56,76,85.00,Sì,No
Massaro S.r.l.,Elettricista,http://www.massarosrl.it,099 531 6045,"Via S. Giovanni, 58",Leporano,,info@massarosrl.it,http,WordPress,No,Aruba S.p.A. Network,56,69,77.00,Sì,No
Punella Service di Leonardo Zaccaria,Ditta specializzata in impianti di riscaldamento,,349 116 3106,"Via XXVIII Ottobre, 8",San Marzano di San Giuseppe,,,,,,,,,,,
A.t.s. srl,Elettricista,,099 972 7166,"Via B.Croce, 138",Sava,,,,,,,,,,,
De Sarlo Antonio,Elettricista,,099 972 2014,"SS7ter, 1",Sava,,,,,,,,,,,
Romagnoli Gaetano,Servizio di installazione elettrica,,099 730 5443,"Via Tito Minniti, 67",Taranto,,,,,,,,,,,
GBS S.r.l.,Elettricista,,099 336703,"Via Colonnello Diego Peluso, 111",Taranto,,,,,,,,,,,
Eolotech srls,Servizio di installazione elettrica,,348 396 0732,"Via, Via Monte, 9",San Marzano di San Giuseppe,,,,,,,,,,,
Pirelli - Servizi Telelettrici,Elettricista,,099 731 1287,"Via Risorgimento, 37",Taranto,,,,,,,,,,,
G.IM.E.S. Impianti di Scardino Graziano,Elettricista,https://www.gimesimpianti.it,342 061 4742,"Via G. Mazzini, 97",Sava,,info@gimesimpianti.it,https,WordPress,Sì,OVH SAS,67,89,77.00,Sì,No
Gi Effe Service S A S Di Francesco Gabriele,Elettricista,,099 477 5857,"Via Nettuno, 15",Taranto,,,,,,,,,,,
Allestimenti Elettrici Martucci Srl,Elettricista,,099 470 7707,"Via Di Giorgio Martini Francesco, Taranto, TA 74123",Taranto,,,,,,,,,,,
Electroedil di GIulio russo,Elettricista,,327 825 7684,"Via O. Flacco, n1",Lizzano,,,,,,,,,,,
Emil Elettroimpianti,Elettricista,,349 852 8012,"Via Torricella, SNC",Ruffano,,,,,,,,,,,
Saif global,Elettricista,,347 192 2319,"Via de Ripa, 7",Brindisi,,,,,,,,,,,
Smea Srl,Elettricista,,099 470 4156,"Km. 3.000, Strada Provinciale Taranto Statte, Taranto, TA 74100",Taranto,,,,,,,,,,,
De Florio Vito Impianti Elettrici Elettronici Fotovoltaici,Elettricista,,0831 517591,"Via Orazio Flacco, 71",Brindisi,,,,,,,,,,,
Argentiero Angelo Raffaele,Elettricista,,0831 867552,Via Torino,Villa Castelli,,,,,,,,,,,
Domoelettrica Di Franco Zizza,Elettricista,,333 528 8740,"Via P. Di Vagno, 54",Carovigno,,,,,,,,,,,
NT IMPIANTI di Nicola Tamborrino,Elettricista,,345 168 3741,"Via S. Martino, 4",Carovigno,,,,,,,,,,,
Tina Impianti Elettrici,Elettricista,,328 681 6015,"Via Maria Montessori, 45",Carovigno,,,,,,,,,,,
Brio Impianti Di Greco Giuseppe Antonio,Elettricista,,0831 990430,"Via delle Donne, 10",Carovigno,,,,,,,,,,,
Brandi Giosue',Elettricista,,0831 994277,"Via Claude Monet, 24",Carovigno,,,,,,,,,,,
N. & D. Impianti Tecnologici Avanzati Srl,Elettricista,,0831 562811,"Via Silla Dittatore, 11",Brindisi,,,,,,,,,,,
Integra Nuove Tecnologie,Elettricista,https://www.int-srl.it,327 219 1496,"Via Alessandro Artom, 13",Brindisi,,info@int-srl.it,https,React,Sì,Aruba S.p.A. Network,63,87,92.00,Sì,No
Elettrica Piccinno Di Piccinno Pietro,Elettricista,,349 259 2407,"Via Generale Tellini, 1",San Vito dei Normanni,,,,,,,,,,,
Convertino s.r.l,Elettricista,http://www.convertinosrl.it,0831 548111,"Via Galileo Ferraris, 27/29",Brindisi,,impresa@convertinosrl.it,http,React,No,Aruba S.p.A. Network,57,77,100.00,Sì,No
Torsello Energy di Torsello Alfredo,Elettricista,,340 768 0462,Via,Presicce-Acquarica,,,,,,,,,,,
GIACINTOIMPIANTI SAS DI TORSELLO GIACINTO & C.,Elettricista,,0833 730002,Via delle Sportare,ACQUARICA,,,,,,,,,,,
Trani Rocco Antonio - Impianti Elettrici-Automazioni-Antifurto-Tv-Videosorveglianza.,Elettricista,,347 133 6496,"Via Caduti Sul Lavoro, 14",Presicce-Acquarica,,,,,,,,,,,
Marini Valerio & Martella Giuseppe Impianti Elettrici Snc,Elettricista,,0832 362074,"Via Luigi Russo, 20",Surbo,,,,,,,,,,,
ES impianti elettrici e fotovoltaici,Elettricista,,392 909 5733,"Via G. Leopardi, 29",Cellino San Marco,,,,,,,,,,,
Brio Impianti Di Greco Giuseppe,Elettricista,http://www.brioimpianti.it,0831 990573,"Corso Umberto I, 114",Carovigno,,,http,Joomla,No,Host SpA,70,94,100.00,Sì,No
Studio Demaio,Elettricista,,345 362 6574,"Via S. Vito, 1",Carovigno,,,,,,,,,,,
CS Vega srl,Elettricista,,335 108 3939,"Via Genova, 45",Cellino San Marco,,,,,,,,,,,
Tcp Elettric Societa' In Nome Collettivo Di Tondo S.Chirivi' C. E Pet,Elettricista,,0831 634057,"Via Lecce, 12",Cellino San Marco,,,,,,,,,,,
Elettrica Spedicati S.A.S. Di Spedicati Giuseppe E C.,Elettricista,,0831 618692,"Via Genova, 53",Cellino San Marco,,,,,,,,,,,
Impiantistica di Pantaleo De Giorgi,Elettricista,,328 875 1500,Via Vanze,Acquarica di Lecce,,,,,,,,,,,
Alpha Impianti S.R.L.,Elettricista,https://www.alphacostruzionieimpianti.com,0832 277686,"Viale Irlanda, 5",Lecce,,alpha.impianti@aliaci.com,https,WordPress,No,Aruba S.p.A.,71,89,92.00,Sì,No
Impianti elettrici di Renna Andrea,Elettricista,,347 762 2031,"Via S. Giuseppe, 111/A",Trepuzzi,,,,,,,,,,,
HM Tecnologie,Elettricista,,347 530 7720,"Via Madonna del Pane, 6F",Novoli,,,,,,,,,,,
Lanzilli Impianti Elettrici srls,Elettricista,,349 398 4736,"Via Randi, 91",Surbo,,,,,,,,,,,
Elettro Impianti Solar Di Toraldo Antonio,Elettricista,,348 828 9400,"Via ARNO, 25",Squinzano,,,,,,,,,,,
Ri.Pa. Quadri,Elettricista,,0831 671431,Via Basilicata,San Pietro Vernotico,,,,,,,,,,,
Sicuralarm Di Tasco Pompilio,Elettricista,,339 821 4095,"Via Tripoli, 71",San Donaci,,,,,,,,,,,
3S Impianti s.r.l.s.,Elettricista,,338 247 0995,"Via Del Cervone, 8",Masseria Solicara-gelsi,,,,,,,,,,,
Dev. El. Di De Vanna Fabio Mario,Elettricista,,0831 767592,"Via Giuseppe Grassi, 44",Erchie,,,,,,,,,,,
ALtech Impianti di Alberto Martina,Elettricista,,320 607 2463,Via Gioberti 13 - Felline 73040,Felline,,,,,,,,,,,
L'elettrica,Elettricista,,0832 247025,"Piazza D'Italia, 19",Lecce,,,,,,,,,,,
SDE Smart di Antonio Franco,Elettricista,,393 600 8602,"Via Francesco Rubichi, 28",Nardò,,,,,,,,,,,
Sonergy installa impianti fotovoltaici Brindisi,Impianto solare fotovoltaico,https://sonergy.it,329 104 1655,"Via Ceglie, 2",San Vito dei Normanni,,info@sonergy.it,https,React,No,Server Plan S.r.l.,44,56,85.00,Sì,No
OMEGA IMPIANTI SRL,Elettricista,http://www.omegaimpiantilecce.it,338 317 4984,"Via G. Paisiello, 25/G",Lecce,,,http,Joomla,Non trovato,Hetzner Online GmbH,36,59,100.00,Sì,No
"D.G. Tel snc IMPIANTI ELETTRICI, VIDEOSORVEGLIANZA, ANTIFURTO",Elettricista,https://impiantielettricilecce.wordpress.com,347 824 3206,"Via Tevere, 47",Lecce,,,https,WordPress,No,"Automattic, Inc",70,97,100.00,Sì,No
ElettroDomus Assistance di Paolo Torsello,Elettricista,,338 302 1892,"Via Giuseppe Mazzini, 13",Alessano,,,,,,,,,,,
Leo Gabriele Impianti Elettrici,Elettricista,,347 266 0609,"Via Carlo Massa, 17",Lecce,,,,,,,,,,,
F.a.i. Impianti S.r.l.,Elettricista,https://faiimpianti.it,0836 563637,"Via Bruxelles, 67",Soleto,,fai.impianti@tiscali.it,https,WordPress,No,OVH SAS,94,78,83.00,Sì,Sì
Prida Impianti SRL,Elettricista,https://www.pridaimpianti.it,329 043 5735,"Via Giovanni Miani, 19",Lecce,,,https,WordPress,No,Aruba S.p.A.,57,75,92.00,Sì,No
AS elettroimpianti,Elettricista,,349 720 9246,"Via Giorgio la Pira, 8",Parabita,,,,,,,,,,,
LONGO IMPIANTI di Alessandro Longo,Elettricista,,346 620 2868,"Via Michelangelo Buonarroti, 52",Lecce,,,,,,,,,,,
Longo Impianti,Elettricista,,0832 345018,"Via Pordenone, 4",Lecce,,,,,,,,,,,
Electric System Di Laera Claudio,Elettricista,,0831 730026,"Via Generale A. Falcone, 21",Mesagne,,,,,,,,,,,
Mb Costruzioni Elettriche Di Botrugno Mansueto,Elettricista,,0836 343463,"Via Enrico Fermi, n. 30",Muro Leccese,,,,,,,,,,,
Consorzio Gamadi Engeneering & Lavori S.R.L.,Elettricista,,0831 730520,"Via Zona Industriale, Mesagne, BR 72023",Mesagne,,,,,,,,,,,
Edil Elettra,Elettricista,https://www.edilelettratricase.it/index.php,0833 211598,"Via Cesare Beccaria, 11",Tricase,,info@edeitalia.it,https,Angular,Sì,OVH SAS,56,73,77.00,Sì,No
Picciurro Impianti Elettrici Srl,Elettricista,https://www.picciurroimpianti.com,327 749 0281,Via Roberto Ardigò,Tricase,,picciurroimpel@gmail.com,https,Shopify,No,Netsons s.r.l.,56,70,92.00,Sì,No
Rms Sistemi Elettronici di Sicurezza di Renato Mariano,Elettricista,http://www.rmssistemi.com,347 401 8025,"Via Trieste, 54",Lequile,,rms.sistemi@gmail.com,http,WordPress,No,Aruba S.p.A.,72,98,85.00,Sì,No
Diego Pepe Impianti,Elettricista,http://pdimpianti.net,338 861 9820,"Via Monte Santo, 16",Monteroni di Lecce,,,http,ASP.NET,No,Aruba S.p.A. Network,87,99,73.00,Sì,No
G M Impianti Di Moreno Massimiliano,Elettricista,,0831 198 5072,"Via Sannio, 35",Mesagne,,,,,,,,,,,
S.T.I.M. SRL,Elettricista,http://www.stimsrl.com,0831 721293,"Via Thaon de Revel, 30",Latiano,,stim.info@tiscalinet.it,http,ASP.NET,No,Aruba S.p.A. Network,100,99,83.00,Sì,No
"Todaro Group SRL impianti , ristrutturazioni",Elettricista,http://www.ediltodaro.it,320 151 1583,"Via Fratelli Bandiera, 16",Alezio,,info@todarogroup.it,http,Joomla,Sì,Aruba S.p.A.,56,60,100.00,Sì,No
Elettro Impianti,Elettricista,,346 376 2558,"Via Giardinelli, 46/A",Fasano,,,,,,,,,,,
Vinci Giovanni,Elettricista,,080 442 5015,"Via dei Trasporti, 58",Fasano,,,,,,,,,,,
Ditta Palazzo Alfredo,Elettricista,http://www.dittapa.it,331 705 2445,"Via dei Trasporti, 66",Fasano,,info@dittapa.it,http,Mobirise,Sì,Aruba S.p.A. Network,70,97,92.00,Sì,No
GM Electric,Elettricista,,080 441 4215,"Via Roma, 286",Fasano,,,,,,,,,,,
RDV srl - Impianti e tecnologie Avanzate,Servizio di installazione elettrica,http://www.rdvsas.it,0831 773795,Via Bandello,Mesagne,,,http,Angular,No,Aruba S.p.A. Network,28,38,92.00,Sì,No
Vinci Production,Elettricista,,336 821 154,"Corso Garibaldi, 122",Fasano,,,,,,,,,,,
Palumbo Impianti Di Palumbo Giovanni,Elettricista,,0831 815855,"Via Porta Roccella, 11",Francavilla Fontana,,,,,,,,,,,
Enalt,Elettricista,,080 441 3785,"Via de Deo, 24",Fasano,,,,,,,,,,,
Tecno Project Sas,Elettricista,http://tecnoprojectfasano.it,338 919 5917,"Contrada Martucci, Traversa Via dell’Industria",Fasano,,,http,WordPress,Sì,Aruba S.p.A,54,74,85.00,Sì,No
New South Europe Impianti - Laguardiaimpianti,Elettricista,http://www.laguardiaimpianti.it,080 442 6736,Via Valletta,Fasano,,,http,WordPress,No,Netsons s.r.l.,82,90,83.00,Sì,No
Elettro Light srl - Impianti elettrici Sicurezza Automazione,Elettricista,http://www.elettrolightsrl.it,349 423 9519,"Via Filippo d'Angiò, 29",Francavilla Fontana,,,http,ASP.NET,No,Aruba S.p.A,74,84,91.00,Sì,No
Impianti elettrici Distante,Servizio di installazione elettrica,,320 664 8749,"Via Palmiro Togliatti, 42",Francavilla Fontana,,,,,,,,,,,
Security Energy,Elettricista,http://www.securityenergy.it,393 275 4960,"Via per Grottaglie, km 0, 300",Francavilla Fontana,,info@securityenergy.it,http,ASP.NET,No,Aruba S.p.A. Network,66,91,91.00,Sì,No
Lassa Fazzu Ieu,Elettricista,,324 667 3995,"Via giuseppe di vittorio, 2",Miggiano,,,,,,,,,,,
elettricista Elettrotecnica,Elettricista,,389 972 3785,"Via Livorno, 51",Miggiano,,,,,,,,,,,
GIELLE SRL Impianti elettrici,Elettricista,http://www.gielleimpiantielettrici.it,080 489 0255,"Via Lomartire, 48",Pozzo Faceto,,infogiovannilosavio@libero.it,http,React,No,Aruba S.p.A. Network,64,74,64.00,Sì,No
Impianti Elettrici Tommaso Vincenti,Elettricista,,339 860 8464,Via Padula,Specchia,,,,,,,,,,,
D.C.R IMPIANTI di De Cagna Riccardo,Elettricista,,329 971 7885,"case sparse, Via Cavour",Scorrano,,,,,,,,,,,
Palumbo Istallazioni Reti Telefoniche Elettriche Srl,Elettricista,,0831 811882,"Viale Del Commercio, Francavilla Fontana, BR 72021",Francavilla Fontana,,,,,,,,,,,
Tecnosoluzioni di Massimo Andreano,Elettricista,,328 804 2046,"Via G. de Matteis, 22/C",Maglie,,,,,,,,,,,
Top elettrica,Elettricista,,346 046 0874,"Via G, Via Giuseppina Delli Ponti",Scorrano,,,,,,,,,,,
Palazzo Impianti di Palazzo Vito,Elettricista,,347 767 0208,Via Occhi Bianchi,Francavilla Fontana,,,,,,,,,,,
Elettricamultiservice,Elettricista,,328 424 5350,"Via Trento, n°58",Botrugno,,,,,,,,,,,
F-TeC Tecnologie Elettriche Connesse di Felline Danilo Fiore,Elettricista,http://f-tec.it,329 665 2403,Via Giuseppe Mazzini,Giurdignano,,felline.tec@gmail.com,http,WordPress,No,Aruba S.p.A. Network,69,93,92.00,Sì,No
Puglimpianti Srl,Servizio di installazione elettrica,http://www.puglimpianti.it,080 442 2582,"Via dell'Industria, 84/A",Fasano,,,http,WordPress,No,Aruba S.p.A.,60,90,92.00,Sì,No
Mister Impianto,Elettricista,https://misterimpianto.it,338 151 6908,"Via Savoia, 204",Francavilla Fontana,,,https,Angular,Sì,Aruba S.p.A.,55,63,92.00,Sì,No
GLED Technology Innovation,Impianto solare fotovoltaico,http://www.gledimpianti.com,333 114 1150,"Via Edmondo de Amicis, 28",Francavilla Fontana,,info@gledimpianti.com,http,WordPress,No,"New Dream Network, LLC",56,78,75.00,Sì,No
Elettrosphera Di Spera Luca,Elettricista,,329 459 2693,"Via Vincenzo Ciardo, 5",Calimera,,,,,,,,,,,
"S&M impianti elettrici civili, citofonia, video citofonia, allarme e videosorveglianza",Elettricista,,389 527 8463,"Viale Virgilio, 99",Calimera,,,,,,,,,,,
Sciurti Service Di Sciurti Salvatore,Elettricista,,333 749 1415,"Via Europa, 46",Calimera,,,,,,,,,,,
DI.GI.T. installazioni di Tiziano Giannotta,Servizio di installazione elettrica,,339 585 0887,Via Case Sparse (Via Calcara),Cannole,,,,,,,,,,,
Castrignano Niceta,Elettricista,,339 755 4006,"Viale Virgilio, 120",Calimera,,,,,,,,,,,
C.A. Impianti Tecnologici Srl,Elettricista,,0836 318978,"Via Alcide De Gasperi, 51",Cannole,,,,,,,,,,,
SC Impianti di Spedicato Cristian,Elettricista,,328 336 9251,"Via Grassi, 42",Carmiano,,,,,,,,,,,
ELECTRIC EVOLUTION di SANDRO CIURLIA,Elettricista,,335 140 2318,"Via della Pace, 100",Carmiano,,,,,,,,,,,
Tecno Elettro di Colonna Emanuele,Elettricista,,328 831 5994,"Via Roma, 204",Carmiano,,,,,,,,,,,
Elettrosolar di Quarta Stefano,Elettricista,http://www.elettrosolar.net,329 193 2299,"Via A. de Gasperi, 118",Carmiano,,email@yoursite.com,http,WordPress,No,SEEWEB s.r.l.,71,95,69.00,Sì,No
Hp service-impianti,Elettricista,,328 419 9905,"Via Vincenzo Bellini, 106",Castri di Lecce,,,,,,,,,,,
Giovanni De Giorgi Srl,Elettricista,,0832 891415,"Via della Repubblica, 7C",Vernole,,,,,,,,,,,
Ditta Francesco Ingrosso,Elettricista,,329 417 4325,"Via Cesare Battisti, 30 a",Cavallino,,,,,,,,,,,
D.S.I. Impianti Srl,Elettricista,,0836 571536,"Via Persia, 74",Martano,,,,,,,,,,,
Pagliara Impianti,Elettricista,http://www.pagliaraimpianti.it,334 976 0233,Via E. de Filippo,Campi Salentina,,info@pagliaraimpianti.it,http,WordPress,No,Aruba S.p.A.,36,43,92.00,Sì,No
F T Impianti S.A.S. Di Fazzi Domenico & C.,Elettricista,,0832 793599,"Viale Monte Grappa, 5",Campi Salentina,,,,,,,,,,,
R.F. Elettronica di RIZZO FABIO,Servizio di installazione elettrica,,368 778 3805,"Via Costantinopoli, 4",Castrignano De' Greci,,,,,,,,,,,
Bi.Pi. Impianti Di Biagio Pirla,Elettricista,,0836 192 6984,"Via Dei Mille, 14",Martano,,,,,,,,,,,
Orlando impianti,Elettricista,,338 890 8546,"Via Soleto, 276",Martano,,,,,,,,,,,
Fratelli Romano Impianti Elettrici Snc,Elettricista,,0832 791971,"Via Vecchia Campi Trepuzzi, Campi Salentina, Le 73012",Campi Salentina,,,,,,,,,,,
Elettro Service Impianti di Gianni Simeone,Elettricista,,347 213 4115,"Via Abruzzi, 6",Casarano,,,,,,,,,,,
RUCCO IMPIANTI ELETTRICI & SERVIZI,Elettricista,https://goo.gl/V7Z14N,328 341 8010,"Via Eugenio Montale, 10",Novoli,,,https,React,No,Google LLC,73,83,100.00,Sì,No
Ca Impiantistica,Elettricista,https://www.caimpiantistica.it,0832 169 3392,"Via Alessandro Volta, 36",Cavallino,,info@caimpiantistica.it,https,WordPress,Sì,Aruba S.p.A. Network,59,96,92.00,Sì,No
Falco Pasquale,Elettricista,,349 266 1179,"Via XI Febbraio, 18",Tuglie,,,,,,,,,,,
Impiantistica Ria Enrico,Elettricista,,338 545 2366,"Via Risorgimento, 33",Collepasso,,,,,,,,,,,
De Donatis Impianti Elettrici,Elettricista,,347 405 0139,"Via Corigliano D'Otranto, 70",Castrignano De' Greci,,,,,,,,,,,
IMPIANTI ELETTRICI CIVILI E INDUSTRIALI DI CASTO ANDREA ISTALLAZIONE E MANUTENZIONE - Racale,Elettricista,,338 219 9990,"Via Ugo Foscolo, 28",Racale,,,,,,,,,,,
Malerba Valter,Elettricista,http://www.malerbavalter.it,337 677 079,"Contrada Terrisi, Parabita, Le 73052",Parabita,,malerbavalter@tiscali.it,http,ASP.NET,No,Aruba S.p.A. Network,100,100,82.00,Sì,No
Stefanelli Elettroimpianti di Stefanelli Agostino,Elettricista,https://2esse4.wixsite.com/stefanellielettro,368 353 9705,"Via Fiume, 96",Matino,,2.esse@live.it,https,Wix,No,Google LLC,62,83,100.00,Sì,No
Romar Impianti Snc,Elettricista,,0833 503783,"Via XX Settembre, 60",Matino,,,,,,,,,,,
Ditta Michel Ferraro,Elettricista,,347 515 5680,"Via Ravenna, 34",Castrignano del Capo,,,,,,,,,,,
ITET IMPIANTI di Cosimo Maggio,Elettricista,,345 458 9560,"Via Potenza, 21",Castrignano del Capo,,,,,,,,,,,
LCIMPIANTI Di Luca Cassiano Impianti Elettrici Elettricista a Castrignano Del capo,Elettricista,,349 140 2962,"Via Giovanni Verga, 36",Castrignano del Capo,,,,,,,,,,,
Scarciglia Roberto,Elettricista,,0832 612009,"Via Filippo Turati, 9",Cavallino,,,,,,,,,,,
Protopapa Francesco,Elettricista,,338 952 7556,"Via Petrose, 37",Gagliano del Capo,,,,,,,,,,,
Domotech Solutions Srls,Elettricista,http://www.domotechsolutions.it,333 179 4286,"Via Moncenisio, 63",Corigliano d'Otranto,,info@domotechsolutions.it,http,Shopify,Sì,Host SpA,67,97,100.00,Sì,No
Elettrica Service S.a.s. di Ficotto Nicola e C.,Elettricista,,335 838 1411,"Via Musone, 8",Cavallino-Treporti,,,,,,,,,,,
MULTISERVICE S.A.S di Lupo Pierangelo,Elettricista,,0832 947116,"Via Sant'Isidoro, 2",Copertino,,,,,,,,,,,
FANULI srl e SOTEC srl,Elettricista,,0832 932086,"Via Grottella, 0",Copertino,,,,,,,,,,,
Elettro Fi.Mi.,Elettricista,,380 520 2878,"Via Valerio Flacco, 15",Copertino,,,,,,,,,,,
SOGIM IMPIANTI | COSTRUZIONI| RISTRUTTRAZIONI,Elettricista,,345 606 4320,Via Capitano Congedi,Ugento,,,,,,,,,,,
ARTELUCE impianti elettrici civili e industriali,Elettricista,,041 966076,"Via Fausta, 50",Cavallino-Treporti,,,,,,,,,,,
Tecnosystem Impianti Di Rossetti Alessandro,Elettricista,http://tecnosystemimpianticopertino.weebly.com,335 838 5706,"Via Ugo Foscolo, 15",Copertino,,,http,Weebly,Sì,"Weebly, Inc.",63,87,92.00,Sì,No
Studio Progettazione Impianti,Ditta specializzata in impianti di riscaldamento,,320 019 3107,"Via S. Bartolo, 78",Corsano,,,,,,,,,,,
Idro Elettro Impianti Sas Di Greco Paolo,Elettricista,,380 520 3159,"Via Maggiore Toselli, 27",Copertino,,,,,,,,,,,
Impianti Elettrici Peluso Francesco,Elettricista,,328 206 0507,"Via Fratelli Cairoli, 38",Tricase,,,,,,,,,,,
2 Emme Impianti Snc Di Nuzzaci,Elettricista,https://2emmeimpiantisnc.com,338 915 8155,"Via Giosuè Carducci, 25",Copertino,,2emmeimpiantisnc@gmail.com,https,WordPress,Sì,Signet B.V.,52,90,85.00,Sì,No
Elettrojobs di Leggio Sergio,Elettricista,http://www.elettrojobs.com/index.htm,346 189 5719,Via Leuca,Tricase,,info@elettrojobs.com,http,ASP.NET,No,Aruba S.p.A. Network,96,98,75.00,Sì,No
Tecno Green di Polimeno Daniele,Elettricista,,338 634 3257,"Via Cerova, 23",Sogliano Cavour,,,,,,,,,,,
King Service di Gandolfo Christian,Elettricista,https://www.kingserviceimpianti.it,328 165 8862,"Via Melpignano, 72",Cursi,,info@kingserviceimpianti.it,https,React,Sì,Aruba S.p.A. Network,42,56,92.00,Sì,No
Elettrotecnica Di Colazzo P.I. Antonio,Elettricista,,0836 515127,"46 Via Filippo Gorgoni, Cutrofiano, Le 73020",Cutrofiano,,,,,,,,,,,
Sciolti Luigi Impianti Elettrici,Elettricista,,349 818 7875,"Via Comunale Diso 18, 73010",San Donato di Lecce,,,,,,,,,,,
Mi.Ba. Impianti,Elettricista,,339 807 2766,"Via Castro, 78",Diso,,,,,,,,,,,
Pedone elettroimpianti,Elettricista,http://www.pedoneelettroimpianti.it,320 828 4418,Prov. Le per Aradeo,Sogliano Cavour,,pedoneelettroimpianti@yahoo.com,http,WordPress,No,Aruba S.p.A.,60,88,85.00,Sì,No
Forte Impianti,Ditta specializzata in impianti di riscaldamento,http://www.impiantiforte.it,0836 512726,"Via Gaetano Salvemini, 16/A",Cutrofiano,,support@mikado-themes.com,http,React,No,Aruba S.p.A.,33,52,85.00,Sì,No
F.P. Elettroimpianti S.N.C. Di Perrone Marcello E Luigi,Elettricista,,0833 262125,"Via R. D'Angiò, 7",Gallipoli,,,,,,,,,,,
Morincio Impianti,Elettricista,,329 824 1208,"Via Torino, 5b",Galatina,,,,,,,,,,,
Eclisse Impianti Srl - Centro Assistenza Palazzetti,Elettricista,,0836 528618,"Via della Ceramica, 32/36",Galatina,,,,,,,,,,,
Francesco Perrone Impianti,Ditta specializzata in impianti di riscaldamento,,360 832 520,"Via S. Lazzaro, 28",Gallipoli,,,,,,,,,,,
DELMA IMPIANTI,Servizio di installazione elettrica,,328 587 6823,SC Roncella Prima,Galatina,,,,,,,,,,,
De.Ri. Impianti Snc,Elettricista,http://www.deronzi.it,0836 563388,"Via Campania, 57",Galatina,,info@deronzi.it,http,ASP.NET,No,Aruba S.p.A. Network,100,100,82.00,Sì,No
FRANCONE IMPIANTI,Elettricista,,327 738 6070,"Via Torrente, 87",Galatone,,,,,,,,,,,
Alfa Impianti S.N.C. Di De Leo Andrea & Spampinato Angelo G.,Elettricista,,0833 880604,"Via Lecce, 56",Galatone,,,,,,,,,,,
Alfa Impianti Snc,Elettricista,,0833 865128,"Via Lecce, 13",Galatone,,,,,,,,,,,
Palumbo Salvatore,Elettricista,,0836 561564,"Via Bradano, 2",Galatina,,,,,,,,,,,
Manitta Impianti e Tecnologie,Elettricista,http://www.manittaimpianti.it,0833 865822,SP47 via per Galatina,Galatone,,amministrazione@manittaimpianti.it,http,Joomla,Sì,Aruba S.p.A.,56,78,100.00,Sì,No
Ofelit,Servizio di installazione elettrica,https://www.ofelitsrls.it,338 451 7184,"Corso Principe di Piemonte, 19-21",Galatina,,ofelitsrls@gmail.com,https,Joomla,Sì,OVH SAS,55,75,92.00,Sì,No
Terragno impianti,Elettricista,https://www.terragnoimpianti.it,320 579 1018,Via Alpestre,Galatone,,info@terragnoimpianti.it,https,WordPress,No,Aruba S.p.A.,56,65,85.00,Sì,No
"Pronto intervento elettrico,idrico,fabbro,falegname e giardinaggio.",Elettricista,,329 127 3307,Via Adriatica,Lecce,,,,,,,,,,,
lm impianti di Luigi Mazzei,Elettricista,,347 447 9064,Via Basento,Lecce,,,,,,,,,,,
Sistel Srl,Servizio di installazione elettrica,http://www.sistelsrl.com,0833 872913,"Via Achille Benegiamo, 6",Nardò,,,http,WordPress,No,Aruba S.p.A.,56,70,100.00,Sì,No
A&R ELECTRIC LABORATORY,Elettricista,,377 555 0653,Via Cesarea,Leverano,,,,,,,,,,,
SECURITY CENTER DI CUNA,Elettricista,,328 837 4595,"Via S. Cesario, 127",Lecce,,,,,,,,,,,
Tea Di Matino Salvatore,Elettricista,,0832 925167,"Via Giordano Bruno, 22",Leverano,,,,,,,,,,,
Mauro Morganti Impianti Di Dario Morganti & C. Snc,Elettricista,,0836 483181,"Via G. de Matteis, 26",Maglie,,,,,,,,,,,
Falcione Ennio,Elettricista,,0832 654584,"Via Galileo Galilei, 6",Lizzanello,,,,,,,,,,,
De Masi Francesco,Elettricista,,0832 629251,"Via Pietro Nenni, 25",Lizzanello,,,,,,,,,,,
System Lighting,Elettricista,,348 823 7279,"Via Volta, 19",Matino,,,,,,,,,,,
Handyman di Roberto Romano,Elettricista,,328 588 9072,"Via Galilei, 10",Matino,,,,,,,,,,,
Gi. Esse. Impianti,Elettricista,http://www.giesseimpianti.net,0836 574408,"Via Magna Grecia, 77",Martano,,,http,Angular,No,Serverplan S.r.l.,76,96,100.00,Sì,No
Comfort Clima' Di Pascali Gianfranco,Elettricista,,0832 874060,"Via Foggia, 4",Melendugno,,,,,,,,,,,
RI.M.EL di Tarantino Francesco,Elettricista,,0832 657078,"Via Giosuè Carducci, 11",San Donato di Lecce,,,,,,,,,,,
Milanese Enrico,Elettricista,,0832 658600,"Via Galugnano, 32",San Donato di Lecce,,,,,,,,,,,
Valentini Antonio,Elettricista,,0461 865107,"64/4 Via Del Capitel, Cadine, TN 38121",Martignano,,,,,,,,,,,
Impianti Elettrici Ferrarese Lucio,Elettricista,,0833 583925,"Via Francesco Petrarca, 12",Melissano,,,,,,,,,,,
Elettrificare S.n.C. di Valdagni Michele e Tasin Roberto,Elettricista,http://www.elettrificare.com,0461 421472,"Via delle Costiole, 44/A",Martignano,,info@elettrificare.it,http,React,Sì,www.cnh.at,55,89,92.00,Sì,No
MARASCHIO IMPIANTI di Maraschio Giuseppe,Elettricista,,339 275 7808,"Via Giuseppe Verdi, 9 A",Scorrano,,,,,,,,,,,
Pennetta Luigi impianti elettrici,Elettricista,,0832 327606,"Via Michelangelo, 6",Monteroni di Lecce,,,,,,,,,,,
Felline Energie di Sergio Felline & C. snc,Elettricista,,0836 315688,"Via Menhir, 36",Giurdignano,,,,,,,,,,,
Essedi Impianti S.N.C. Di De Cicco Giuseppe E Siciliano Roberto,Elettricista,,0836 813499,"Via Roma, 117",Giurdignano,,,,,,,,,,,
Futura Elettroinstallazioni Di Borghese Emiliano,Elettricista,,329 649 4077,"Via S. Castromediano, 28",Taurisano,,,,,,,,,,,
Palma Angelo,Elettricista,,0833 762308,"Via Edoardo Bramato, 40",Montesano Salentino,,,,,,,,,,,
Nuovapanelectric S.R.L.,Elettricista,,0833 570527,"Via Pantalei Tagliate, Nardò, Le 73048",Nardò,,,,,,,,,,,
Prime S.r.l,Elettricista,,320 565 2928,"STRADA PROVINCIALE 19 KM. 3, SN",Nardò,,,,,,,,,,,
Costruzioni Impianti Elettrici Srl,Elettricista,,0833 579272,"Via Vincenzo Bellini, 66",Nardò,,,,,,,,,,,
Maski Srl,Elettricista,,0833 564982,"snc v. Lecce, Nardo', Le 73048",Nardò,,,,,,,,,,,
Global Impianti Di Gianluca Verrienti,Elettricista,,328 316 0669,"Via Po, 17",Novoli,,,,,,,,,,,
I.Tech installazioni tecnologiche,Elettricista,,328 924 5088,SP15,Novoli,,,,,,,,,,,
MyHome Impiantistica e Tecnologia,Elettricista,,335 821 3394,"Via Vincenzo Gioberti, 30",Neviano,,,,,,,,,,,
Ambientefuturo srl,Elettricista,http://www.ambientefuturo.eu,0836 237201,Via Michelangelo 7 zona art.,Nociglia,,commerciale@ambientefuturo.eu,http,Duda,No,Aruba S.p.A.,33,71,75.00,Sì,No
Carrisi Salvatore,Elettricista,,0833 593167,"Via Gaetano Vinci, 162",Parabita,,,,,,,,,,,
ELETRIA IMPIANTI,Servizio di installazione elettrica,http://eletriaimpianti.it,328 733 3680,"V. Modena, 15",Parabita,,info@aletriaimpianti.it,http,ASP.NET,No,Aruba S.p.A. Network,37,16,91.00,Sì,No
"FERRARI IMPIANTI-CONDIZIONATORI,IMPIANTI ELETTRICI, INTERNET",Elettricista,,339 667 8325,"Via Gen. Luigi - Cadorna, 74",Poggiardo,,,,,,,,,,,
Impianti elettrici Merico Srl,Elettricista,,368 308 5619,"Via Giuseppe Palmieri, 5",Poggiardo,,,,,,,,,,,
Casciaro Vittorio,Elettricista,,0836 958213,"Via Vitt. Veneto, 23",Ortelle,,,,,,,,,,,
Ala Impianti Di Ala Patrizio,Elettricista,,0832 733334,"Via Francesco Crispi, 28",Salice Salentino,,,,,,,,,,,
Matteo Margarito Installazioni,Elettricista,,331 709 8446,"Via Benedetto Cairoli, 43",Salice Salentino,,,,,,,,,,,
Colluto Salvatore - Impianti,Ditta specializzata in impianti di riscaldamento,,0836 904606,"Via Pitagora,1 Zona Industriale",Poggiardo,,,,,,,,,,,
Massaro Marco Antonio,Elettricista,,347 320 1679,"Via Vincenzo Bellini, 50",Taviano,,,,,,,,,,,
Papapietro Pasquale,Elettricista,,0833 551551,"Via Pisanelli, 28",Racale,,,,,,,,,,,
EdoMatt Installazioni Elettriche,Servizio di installazione elettrica,http://edomattinstallazionielettriche.it,328 538 6180,"Via Taormina, 78",Racale,,,http,Webnode,Non trovato,Amazon Technologies Inc.,89,99,50.00,No - Pagina Non Trovata (404),No
LOTTI IMPIANTI di Lotti Antonio,Elettricista,,327 016 3439,"Via Francesco Petrarca, 8",Sannicola,,,,,,,,,,,
De Vito Antonio Elettrotecnico,Servizio di installazione elettrica,http://daelettro.it,0833 233072,"Via Consolazione, 5",Sannicola,,info@daelettro.it,http,WordPress,No,Aruba S.p.A. Network,85,98,92.00,Sì,No
AP System,Servizio di installazione elettrica,http://apsystemimpianti.com,0836 553089,"Via Johann Strauss, 2",Aradeo,,,http,Joomla,Sì,Aruba S.p.A.,59,81,92.00,Sì,No
Eco Elettrica,Elettricista,,392 812 1250,Via Taranto,Squinzano,,,,,,,,,,,
Monte Antonio,Elettricista,,0832 194 1740,"Via Raffaello Sanzio, 14",Squinzano,,,,,,,,,,,
Lezzi Salvatore E C S A S,Elettricista,,0836 666569,"Via Pavia, 9",Sternatia,,,,,,,,,,,
Romeo Scarlino Impianti Elettrici,Elettricista,,339 485 4027,"Via Malta, 62",Taurisano,,,,,,,,,,,
Elettrosystem di Scorrano Marco Impianti Elettrici e Tecnologici,Elettricista,,349 192 9659,"Via Bolzano, 21",Taurisano,,,,,,,,,,,
De Marco Rocco Mario Impianti,Elettricista,,338 601 8398,Via S. M. di Leuca,Taurisano,,,,,,,,,,,
Smat Impianti Srl,Elettricista,https://www.smatimpianti.com,0833 623644,Via Gabriele D'Annunzio,Taurisano,,info@smatimpianti.com,https,Shopify,No,"Interserver, Inc",62,82,69.00,Sì,No
Scarlino Massimo Impianti Srl,Elettricista,,0833 621741,"Via Enrico Toti, 11",Taurisano,,,,,,,,,,,
Dig.e.sol. srls,Impianto solare fotovoltaico,http://digesol.com,327 197 3949,"Via Martiri di Via Fani, 68",Trinitapoli,,info@digesol.com,http,WordPress,Sì,Netsons s.r.l.,67,84,92.00,Sì,No
Tesla electric impianti s.r.l,Elettricista,https://teslaelectricimpianti.it,328 358 9991,"Via Fratelli Cervi, 14",Trinitapoli,,teslaelectricimpiantisrl@gmail.com,https,WordPress,Sì,Netsons s.r.l.,70,91,100.00,Sì,No
Tecnoelectra Di Sancesario Vittorio,Elettricista,,0833 542968,"Via Costanzo Varolio, 9",Tricase,,,,,,,,,,,
Impiantistica Coronese Valentino,Elettricista,,0833 198 1274,"Via San Francesco D'Assisi, 13",Taviano,,,,,,,,,,,
Serra Fernando Antonio,Elettricista,,0833 913815,"Via Giacomo Matteotti, 19",Taviano,,,,,,,,,,,
Rv Impianti | Soluzioni e materiali elettrici,Elettricista,https://www.rvimpiantielettrici.it,320 305 5676,"Via Giulio Recupero, 25",Martina Franca,,rvimpiantielettrici90@gmail.com,https,Joomla,Sì,OVH SAS,66,92,92.00,Sì,No
E.t. Service S.r.l.,Elettricista,,080 480 0035,"Via Madonna Piccola, 32",Martina Franca,,,,,,,,,,,
Temet S.r.l.,Elettricista,http://www.temet.it,080 430 6367,"Via della Sanità, 34",Martina Franca,,,http,WordPress,Sì,Aruba S.p.A.,70,92,92.00,Sì,No
Sie Solari Impianti,Elettricista,http://www.sieimpianti.it,080 483 9851,"Via Carlo Goldoni, 4",Martina Franca,,,http,Joomla,No,Aruba S.p.A. Network,38,66,92.00,Sì,No
Energy3point snc,Elettricista,http://www.energy3point.it,080 214 7330,"Via Lelio Fanelli, 83",Martina Franca,,info@energy3tore.it,http,Basekit,No,Aruba S.p.A.,66,72,100.00,Sì,No
Relmef Impianti S.R.L.,Elettricista,http://www.relmef.it,080 430 6857,"Via Maria D'Enghien, 5",Martina Franca,,,http,Joomla,Sì,Netsons Network,44,57,100.00,Sì,No
Impianti Tecnici di Di Maglie Cataldo,Servizio di installazione elettrica,http://impiantidimaglie.it,080 480 0112,"Via Berardo Leone, 1/15",Martina Franca,,info@impiantidimaglie.it,http,ASP.NET,No,Aruba S.p.A. Network,68,98,91.00,Sì,No
Terza Service Srl,Elettricista,,099 821 6336,"Via Antonio Gramsci, 1",Laterza,,,,,,,,,,,
Itec - Impianti Elettrici Idrici Termici Clima,Ditta specializzata in impianti di riscaldamento,https://itecimpiantimanduria.it,340 807 0932,"Via Imera, 5",Manduria,,vincenzogennari@hotmail.it,https,ASP.NET,No,Aruba S.p.A,56,91,91.00,Sì,No
ADITEK DI ANCONA DONATO,Elettricista,http://www.aditek.it,338 392 5029,"Via dei Cedri, 32",Martina Franca,,,http,Angular,No,Aruba S.p.A. Network,31,42,92.00,Sì,No
Tecnosistemi Di Malerba Giuseppe,Elettricista,,0831 635794,"Via Bari, 49",San Donaci,,,,,,,,,,,
Soc. Adriatica Elettrica Snc,Elettricista,,0831 305561,"Via Ravenna, 20",Ostuni,,,,,,,,,,,
Impianti Elettrici Zizza snc,Elettricista,,331 618 3956,Zona Artigianale,Ostuni,,,,,,,,,,,
Tes Service Srl,Elettricista,,0831 304651,"27, Via Della Siderurgia, Ostuni, BR 72017",Zona Sisri,,,,,,,,,,,
C.s. Impianti Di Candela Salvatore,Ditta specializzata in impianti di riscaldamento,,320 346 3172,"Via Badisco, 1",Uggiano la Chiesa,,,,,,,,,,,
Maruccia Impianti s.a.s.,Elettricista,,339 169 3125,"Via San Paolo 1 Angolo, Via S. Pantaleo",Ugento,,,,,,,,,,,
Calamo Impianti,Elettricista,http://www.calamoimpianti.it,348 129 0328,Via Bari,Ostuni,,calamo.maurizio@gmail.com,http,WordPress,No,Aruba S.p.A. Network,94,99,83.00,Sì,No
Calamo Vito,Elettricista,,0831 338351,"Via Ugo Foscolo, 2",Ostuni,,,,,,,,,,,
Martini Paolo Elettrotecnica,Elettricista,,0436 7420,"Località Pieve, 72",Livinallongo del Col di Lana,,,,,,,,,,,
Enersistemi s.a.s.,Impianto solare fotovoltaico,https://www.enersistemi.com,328 918 9396,"Via del Commercio, 56",Ostuni,,enersistemi@libero.it,https,Joomla,No,Server Plan S.r.l.,32,28,77.00,Sì,No
Bravelettrica di Bravin Alberto,Elettricista,,345 836 7191,"Via Miramonti, 5",Sagron Mis,,,,,,,,,,,
Roma Francesco,Elettricista,,0831 335536,Via Foggia,Ostuni,,,,,,,,,,,
Elektro Dapunt S.R.L.,Elettricista,,0471 836782,"31 Strada Artejanala, Corvara In Badia, BZ 39033",Corvara in Badia,,,,,,,,,,,
Clara Arcangelo,Elettricista,,0474 590133,"Frazione Longiaru, 73",San Martino in Badia,,,,,,,,,,,
Tecnoalarm Di De Luca Andrea,Elettricista,,0832 970589,Via Gianluigi Bernini,Veglie,,,,,,,,,,,
INVIDIA IMPIANTI di Invidia Danilo,Elettricista,,329 717 6272,"Via Curtatone, 3",Veglie,,,,,,,,,,,
Electro Irsara,Elettricista,http://www.electroirsara.it,0474 836665,"Str. Tor, 81",San Martino In Badia,,info@electroirsara.it,http,Joomla,No,Hetzner Online GmbH,59,79,85.00,Sì,No
I.E.E.L.F. Elettricista,Elettricista,,0437 581728,"Frazione Cogul, 31/A",Vallada Agordina,,,,,,,,,,,
HYDRAELECTRA S.R.L.,Elettricista,https://hydraelectra.it,376 114 6877,"Via S. Biagio, 41",Veglie,,hydraelectrasrl@gmail.com,https,Shopify,Sì,Netsons s.r.l.,69,98,100.00,Sì,No
Electro Crepaz,Elettricista,https://www.electrocrepaz.com,339 431 0311,"Str. Merscia, 23",Corvara in Badia,,,https,React,No,Google LLC,55,76,73.00,Sì,No
Zecca Orlando,Elettricista,,338 436 6542,"Via Wolfgang Amadeus Mozart, 59",Porto Cesareo,,,,,,,,,,,
Ing. Ripa Giovanni,Servizio di installazione elettrica,,349 139 0719,"Via C. Miccoli, 15",San Pancrazio Salentino,,,,,,,,,,,
Majoni Elettrotecnica Cortina,Elettricista,http://www.majonielettrotecnicacortina.com,0436 860696,"Frazione Maion, 8",Cortina d'Ampezzo,,,http,Wix,Sì,Google LLC,56,84,100.00,Sì,No
Imel snc di Napolitano V. e Leonetti G.,Elettricista,,320 086 3973,"Via Quintino Sella, 4",Andria,,,,,,,,,,,
Impianti Mastrapasqua,Elettricista,,080 395 3326,"Via Papa Pio X, 4",Bisceglie,,,,,,,,,,,
c.e.impianti di Cassanelli Emanuele,Elettricista,,328 735 9116,"Via Pozzo Marrone, 69",Bisceglie,,,,,,,,,,,
Domotecnica,Elettricista,,368 561 153,Via Monte S. Michele,Bisceglie,,,,,,,,,,,
ETIS,Elettricista,,346 028 9444,"Corso Umberto I, 154",Bisceglie,,,,,,,,,,,
MD Elettrica,Elettricista,https://www.mdelettrica.it,388 197 8882,"Largo Labirinto, 13",Bisceglie,,,https,WordPress,No,Aruba S.p.A.,97,97,83.00,Sì,No
elettrikpoint by LEVI s.r.l.s.,Elettricista,http://elettrikpoint.com,0883 888537,Contrada Lamapaola AC (SP13 Andria-Bisceglie 3°Trav. Sx,Andria,,info@elettrikpoint.com,http,ASP.NET,Sì,IONOS SE,71,95,61.00,Sì,No
Rinaldimpianti Elettrici & Satellitari Mobil Service Di Fabio Rinaldi,Elettricista,http://www.rinaldimpianti.com,368 712 6078,"Via Giuseppe Palmitessa, 22",Barletta,,,http,Angular,No,Aruba S.p.A. Network,25,36,85.00,Sì,No
Digital Service di Sergio Di Pierro,Elettricista,,347 270 5283,"Via V. Veneto, 70",Bisceglie,,,,,,,,,,,
Tecno Impianti Elettrici,Elettricista,https://www.tecnoimpiantielettrici.com,330 237 598,"Via V. Veneto, 50",Bisceglie,,info@tecnoimpiantielettrici.com,https,WordPress,No,Netsons s.r.l.,63,79,92.00,Sì,No
Abatecola Impianti,Elettricista,,329 928 3131,"Via Arturo Toscanini, 8",Canosa di Puglia,,,,,,,,,,,
Elettro Impianti Snc Di Monopoli & C.,Elettricista,,080 395 1399,"Via Pendio Misericordia, 36",Bisceglie,,,,,,,,,,,
Generali Impianti,Elettricista,,0883 622798,"Via Ruggiero R. Grieco, 48",San Ferdinando di Puglia,,,,,,,,,,,
E.s.a impianti snc di Soldani giulio,Elettricista,https://esaimpiantisnc.com,080 392 1507,Via Sant'Andrea,Bisceglie,,,https,WordPress,Sì,Server Plan S.r.l.,45,71,85.00,Sì,No
Saladino Giuseppe,Elettricista,,080 396 3711,"Via Pasubio, 64",Bisceglie,,,,,,,,,,,
Elettromeccanica Colia S.n.c.,Elettricista,,0883 585696,"Km. 1.000 Strada Provinciale Andria, Trani, BT 76125",Trani,,,,,,,,,,,
A.R Impianti di Alga Renato,Elettricista,,338 211 7862,"Via Umberto, 111",Trani,,,,,,,,,,,
Ely Services Societa' Cooperativa,Servizio di installazione elettrica,,338 233 2080,"Via Giuseppe di Vittorio, 122",Bisceglie,,,,,,,,,,,
De Magis Srl,Elettricista,,0883 582187,"Via Avvocato Attilio Perrone Capano, 35",Trani,,,,,,,,,,,
Lotito Leonardo Impianti Tecnologici,Ditta specializzata in impianti di riscaldamento,https://lotitoimpianti.it,336 832 998,"Via Carlo Alberto, 48",Canosa di Puglia,,info@lotitoimpianti.it,https,WordPress,Sì,Netsons s.r.l.,41,68,92.00,Sì,No
ARCHIMEDE IMPIANTI S.N.C.,Elettricista,,329 816 0196,"Vico Lazio, 9",Canosa di Puglia,,,,,,,,,,,
Caruso Giovanni,Elettricista,,0883 585552,"Via Sasso, 11",Trani,,,,,,,,,,,
Bar.Co. s.r.l.,Servizio di installazione elettrica,,333 766 8451,"Via Istria, 6",Trani,,,,,,,,,,,
Impianti Idrotermoelettrici,Ditta specializzata in impianti di riscaldamento,,360 369 523,Via Alcide de Gasperi,Canosa di Puglia,,,,,,,,,,,
Seccia Onofrio Impianti Elettrici e Tecnologici,Elettricista,,0883 332649,"Via Francesco Rizzitelli, 72",Barletta,,,,,,,,,,,
Solea Impianti S.R.L.,Elettricista,,800 900 800,"Via Leonardo da Vinci, 20",Barletta,,,,,,,,,,,
Impianti elettrici di Summo Vincenzo,Elettricista,,329 004 8082,"Via Canosa, 8",Barletta,,,,,,,,,,,
Impiantistica G.L. Di Leonardo Filannino,Elettricista,,0883 518481,"Via Paolo Ricci, 107",Barletta,,,,,,,,,,,
Ett Elettro Tecnica Tranese,Elettricista,http://www.ett-trani.it,0883 586258,"Via Giovanni Battista Travisani, 3",Trani,,info@ett-trani.it,http,React,No,Aruba S.p.A. Network,68,85,82.00,Sì,No
Doppia C Impianti Di Capacchione Cosimo Damiano,Elettricista,,0883 881079,"Via Trani, 113",Barletta,,,,,,,,,,,
DE.SI.CH. ELECTRIC SYSTEM S.R.L,Elettricista,,0883 598139,"Via Giuseppe Ravizza, 49",Andria,,,,,,,,,,,
Domenico Larosa - Impianti Elettrici,Elettricista,,337 839 032,"Via Giacomo Corcella, 31",Barletta,,,,,,,,,,,
Tecnico Elettricista Gentile Ruggiero,Elettricista,http://gentileruggieroimpianti.it,349 443 0682,"Via della Repubblica, 40",Barletta,,yourname@example.org,http,React,No,Aruba S.p.A.,62,90,85.00,Sì,No
Garrinella Impianti Elettrici,Elettricista,,346 519 2538,"Via Fernando Chieffi, 51",Barletta,,,,,,,,,,,
corposanto.impianti,Elettricista,,320 931 1611,"Via F. Gioia, 32",Andria,,,,,,,,,,,
Electric Service di Giuseppe Somma quadri elettrici e impianti,Elettricista,,368 623 143,"Via E. De Amicis, 17",Andria,,,,,,,,,,,
Electro Professional,Elettricista,,347 505 8528,"Via Giandomenico Romagnosi, 93",Andria,,,,,,,,,,,
Impianti Elettrici Civili ed Industriali,Elettricista,,0883 546773,"Via Antonio Meucci, 31/33",Andria,,,,,,,,,,,
Elettro Impianti Di Porro Riccardo E C. Snc,Elettricista,,0883 554296,"Via Catullo, 200",Andria,,,,,,,,,,,
Elettromeccanica Zi.Vi. S.N.C.,Elettricista,,0883 599957,"Via Sofocle, 15",Andria,,,,,,,,,,,
Chiapperino Riccardo impianti elettrici,Elettricista,,328 177 6595,Via Alpi,Andria,,,,,,,,,,,
Elettro Tecnica Pugliese s.n.c.,Elettricista,http://www.etpsnc.it,360 245 978,"Via Carlo Broschi 47 Negozio via Morgantini, 35 Milano",Andria,,,http,Joomla,No,Aruba S.p.A. Network,57,81,0.00,Sì,No
Co.Ge.I.,Elettricista,,0883 551080,"Via Bari, 66",Andria,,,,,,,,,,,
Elettrica Vignocchi,Elettricista,,0534 51588,"Via Tre Novembre, 27/a",Lizzano in Belvedere,,,,,,,,,,,
Alea Costruzioni Generali Srl,Elettricista,,099 591 4201,"Via Ettore Maiorana, 8",Faggiano,,,,,,,,,,,
Electromanagement Srl,Elettricista,http://www.electromanagementsrl.it,0883 542454,"Via Eschilo, 32",Andria,,webadvains@gmail.com,http,React,No,Server Plan S.r.l.,61,82,100.00,Sì,No
Bruno Emanuele Elettricista Antennista Andria - Impianti Tecnologici ed Elettrici,Elettricista,,360 259 344,"Via Parigi, 152",Andria,,,,,,,,,,,
S.E.I. IMPIANTI SRL,Elettricista,https://www.sei-impiantisrl.com,0883 348777,"Via Trani, 119",Barletta,,,https,React,Sì,Google LLC,55,89,100.00,Sì,No
Elctro Impianti Di Porro Giovanni,Elettricista,,0883 888031,"Via Dante Alighieri, 55",Andria,,,,,,,,,,,
De Vivo Diego,Elettricista,,035 983010,"Via Primo Maggio, 4",Castro,,,,,,,,,,,
M.D.R. Di Di Renzo Matteo,Elettricista,http://www.mdrimpianti.it/impianti-civili.aspx,0883 558403,Via Plauto,Andria,,mdrimpianti@libero.it,http,ASP.NET,No,Aruba S.p.A. Network,82,97,83.00,Sì,No
Euro Impianti 2002 di Bocci Alberto e Ciucci Luciano,Elettricista,,335 521 3073,"Via Martiri della Resistenza, 21",Arlena di Castro,,,,,,,,,,,
Lo Castro Giuseppe,Elettricista,,095 475565,"Viale Mario Rapisardi, 709",Catania,,,,,,,,,,,
Di Castro Impianti srl,Elettricista,http://dicastro.it,0775 185 1172,"Piazzale della Libertà, 8",Alatri,,,http,Joomla,No,Aruba S.p.A,76,98,92.00,Sì,No
Elettronica Balestrucci,Elettricista,http://www.elettronicabalestrucci.it,0883 574957,"Viale Guglielmo Marconi, 2",Barletta,,,http,React,Sì,Google LLC,66,86,100.00,Sì,No
