Nome Attivit√†,Categoria,Sito Web,Telefono,Indirizzo,Comune,Provincia,Email,Protocollo,Tecnologia,Cookie Banner,Hosting Provider,Mobile Performance,Desktop Performance,Punteggio SEO,Disponibilit√† Sito,Stato Manutenzione
Artemide Buotique di Perna Federica,Negozio di abbigliamento donna,,0882 604007,"Via Bruno Buozzi, 24",Apricena,,,,,,,,,,,
CELESTE CUCUBA' 0-18 Abbigliamento Firmato Bambini 0-18 anni,Negozio di abbigliamento per bambini,,320 852 7417,"Via Venosa, 24",Apricena,,,,,,,,,,,
Officina Store,Negozio di abbigliamento,,348 562 1853,"Via Vittorio Veneto, 92b",Apricena,,,,,,,,,,,
Bimbi-shop di Lauriola Michele,Negozio di abbigliamento per bambini,,333 262 8393,"Via Alessandro Volta, 7",Apricena,,,,,,,,,,,
CORSO VENETO di Coronato Ludovico,Negozio di abbigliamento uomo,,0882 642416,"Via Vittorio Veneto, 92",Apricena,,,,,,,,,,,
Sposa Chic Abiti da Sposa e Cerimonia Lecce. Sartoria Artigianale,Negozio di abiti da sposa,,0832 401655,"Via Cesare Battisti, 20/C",Lecce,,,,,,,,,,,
Cipriano Gilberto Pio,Tabaccheria,,0881 962608,"Via Roma, 55",Castelluccio dei Sauri,,,,,,,,,,,
Russo Vincenzo,Tabaccheria,,0881 962158,"Piazza Cesare Battisti, 9",Castelluccio dei Sauri,,,,,,,,,,,
De Muzio Umberto,Rivenditore di auto,,0881 962429,"Via Roma, 1",Castelluccio dei Sauri,,,,,,,,,,,
ART ARREDO DEL PRIORE,Negozio di mobili,,0881 962708,"Via Leonardo da Vinci, 71025 Zona Artigianale",Castelluccio dei Sauri,,,,,,,,,,,
Macelleria da Vittorio,Macelleria,,0881 962481,"Piazza Nazario Sauro, 12",Castelluccio dei Sauri,,,,,,,,,,,
R.M. Service,Ferramenta,,0881 470636,"Via Roma, 99/H",Castelluccio dei Sauri,,,,,,,,,,,
Bellissima,Negozio di intimo,,327 396 2609,"Via Guglielmo Marconi, 1",Apricena,,,,,,,,,,,
Vela Latina boutique,Negozio di abbigliamento donna,http://www.velalatinaboutique.com/,0882 434001,"Piazzale Andrea Costa, 4",Apricena,,,http,Shopify,S√¨,"Fastly, Inc.",40,51,83.00,S√¨,No
Atelier Sposa Chic,Negozio di abiti da sposa,https://ateliersposachic.com/,0882 645388,"Piazza dell'Unit√†, 14",Apricena,,atelier.sposachic@gmail.com,https,WordPress,S√¨,HOSTINGER DE,41,61,100.00,S√¨,No
Lapolla,Farmacia,,0881 962051,"Piazza Cesare Battisti, 24",Castelluccio dei Sauri,,,,,,,,,,,
PARADISE 2.0,Gelateria,,392 902 0106,Via Guglielmo Marconi,Castelluccio dei Sauri,,,,,,,,,,,
Mirko Del Priore Progetti e Relax,Produttore di mobili,https://www.progettierelax.it/,346 796 2061,"Via Leonardo da Vinci, 13",Castelluccio dei Sauri,,,https,WordPress,No,Aruba S.p.A.,56,84,100.00,S√¨,No
Pienneffe Boutique,Negozio di abbigliamento,,348 091 4116,"Viale Aldo Moro, 31",Apricena,,,,,,,,,,,
Eurospesa Supermarket Di Di Domenico Antonio,Alimentari,,0881 962091,"Via Giardini, 1",Castelluccio dei Sauri,,,,,,,,,,,
SWEET CAF√â snc di Rosa e Lisa Pezzano,Bar caff√®,,329 949 0516,"Via Roma, 4",Castelluccio dei Sauri,,,,,,,,,,,
CityModa,Negozio di abbigliamento,http://www.citymoda.it/,0832 455591,Via Gino De Sanctis,Lecce,,info@citymoda.it,http,Shopify,S√¨,"Cloudflare, Inc.",41,43,92.00,S√¨,No
Proshop - Tutto per il pulito,Casalinghi,,345 785 4306,"Via Giardino, 150",Biccari,,,,,,,,,,,
Minimarket Despar Di Basile Costantina,Negozio di alimentari,,0881 591012,"Via Giardino, 32",Biccari,,,,,,,,,,,
Gi√≤ Calzature,Negozio di scarpe,http://www.calzaturegio.it/,0973 663808,"Via Roma, 440",Castelluccio Inferiore,,,http,React,No,Aruba S.p.A. Network,86,98,91.00,S√¨,No
Tabaccheria Di Ferringo Michele,Tabaccheria,,0881 591248,"Via Giardino, 194",Biccari,,,,,,,,,,,
Boutique della Carne Raffaele,Macelleria,,347 660 8909,"Via Fuori Porta Garofalo, 108/110",Biccari,,,,,,,,,,,
Mondotech Di Menichella Antonio,Negozio di telefoni cellulari,,0881 591354,"7, Vico Le Grazie, Biccari, FG 71032",Biccari,,,,,,,,,,,
Valente Moda apricena,Negozio di abbigliamento,,380 794 5481,"Via Roma, 11",Apricena,,,,,,,,,,,
Quattro Ruote,Negozio di pneumatici,,329 787 6687,"Via Giardino, 82/84",Biccari,,,,,,,,,,,
Capricci Boutique Apricena,Negozio di abbigliamento per bambini,https://capricciboutique.it/,327 311 3204,"Viale Aldo Moro, 70",Apricena,,info@capricciboutique.it,https,React,S√¨,Aruba S.p.A,77,55,100.00,S√¨,No
Agri Shop Di Marinaccio Pasquale,Fornitore di trattori e macchine agricole,,0881 981399,Contrada Serrone,Accadia,,,,,,,,,,,
Misa Store,Negozio di abbigliamento,,324 809 5458,"Piazza S. Luigi, 3",Accadia,,,,,,,,,,,
De Bellis Rosa,Negozio di alimentari,,0881 593346,"Via Giardino, 65",Biccari,,,,,,,,,,,
Bottega della frutta di Solimine Franco,Fruttivendolo,,349 426 9202,"Viale Roma, 11",Accadia,,,,,,,,,,,
Tronix Srl,Negozio di computer,,0881 593365,"Piazza Giacomo Matteotti, 19",Biccari,,,,,,,,,,,
"IQOS PARTNER - Marinaccio Antonio, Accadia",Tabaccheria,,0881 981626,"Piazza S. Luigi, 6",Accadia,,,,,,,,,,,
L'Angolo Fiorito Di Paoletta Antonella,Flower designer,,0881 986018,"Via Caporale Bonito Antonio, 71",Accadia,,,,,,,,,,,
Stefanini Gerardo Ingrosso Bibite e Market,Alimentari,,0881 981268,"Via Caporale Bonito Antonio, 63",Accadia,,,,,,,,,,,
Gi√≤ Home di Giovanna Palandra,Negozio di intimo,,328 346 4077,"Via Pier Santi Mattarella, 32",Accadia,,,,,,,,,,,
"üëëGENERAL SHOES, LE ORME ART. SPORTIVI, ORIGINALS Boutique Italy, Mirabella Marchese di Accadia.",Negozio di scarpe,,320 188 6256,"Via Pier Santi Mattarella localit√†, Madonna delle Grazie, 1",Accadia,,,,,,,,,,,
Agrifer Di Schiavone Nicola,Ferramenta,,0881 981166,"Via Giovanni Amendola, 16",Accadia,,,,,,,,,,,
Tabaccheria LANDI di Pasquariello Giuseppe,Tabaccheria,,347 470 6230,"Via Don Luigi Sturzo, 2",Accadia,,,,,,,,,,,
Domenico,Casalinghi,,345 067 6073,"Via D'Aversa, 30",Accadia,,,,,,,,,,,
Tabaccheria da Francesco,Tabaccheria,,0881 317152,"Viale Roma, 19",Accadia,,,,,,,,,,,
Non solo gadget,Cartoleria,,393 673 5512,"Via Giuseppe Mirabella, 109",Accadia,,,,,,,,,,,
Maison Della Frutta di Amicola Maria Carmela,Minimarket,,346 755 4796,"Via Pier Santi Mattarella, 34",Accadia,,,,,,,,,,,
Supermercato Marinaccio dal 1946,Centro commerciale,,0881 981054,"Viale Roma, 36",Accadia,,,,,,,,,,,
Zelano Michele & C. (S.N.C.),Negozio di mobili,,0881 981019,"Via Caporale Bonito Antonio, 48",Accadia,,,,,,,,,,,
Gerardo,Fornaio,,338 963 6228,"Via Roma, 54",Castelluccio dei Sauri,,,,,,,,,,,
Griffes Boutique Deliceto,Negozio di abbigliamento,https://www.griffesboutique.com/,0881 963928,"Corso Margherita, 64/66",Deliceto,,griffesboutique.shoponline@gmail.com,https,React,S√¨,Google LLC,38,71,100.00,S√¨,No
"incontromoda di Antonio Testa Abbigliamento & accessori uomo in Via Tiberio Solis, 49 a San Severo fg",Negozio di abbigliamento uomo,,0882 222865,"Via Tiberio Solis, 49",San Severo,,,,,,,,,,,
Fashion Time Di Panipucci Sonia,Negozio di abbigliamento,,0882 225315,"Via Michele Zannotti, 41",San Severo,,,,,,,,,,,
Nocella Remigio,Negozio di elettrodomestici,,0881 962686,"Via Roma, 99",Castelluccio dei Sauri,,,,,,,,,,,
Cristinziano Gioielleria,Gioielliere,https://www.gioielleriamomentipreziosi.it/it/content/4-chi-siamo,329 873 5866,"Via Fuori Porta Garofalo, 23",Biccari,,,https,ASP.NET,No,Aruba S.p.A.,78,97,83.00,S√¨,No
Cb Bottazzo Abbigliamento,Negozio di abbigliamento,https://cbbottazzo.com/,0833 880413,"Via Savoia, 94",Galatone,,,https,Shopify,No,"Cloudflare, Inc.",56,96,100.00,S√¨,No
Fior di Loto Abbigliamento,Negozio di abbigliamento,,347 601 5767,"Corso Giuseppe Garibaldi, 111",Serracapriola,,,,,,,,,,,
Giuseppina‚Äôs shop,Negozio di abbigliamento giovanile,,392 071 3347,Corso Vittorio Emanuele,Colletorto,,,,,,,,,,,
Monteleone Moda Srl,Negozio di abbigliamento,,331 383 8322,"Via Recca, 7",San Severo,,,,,,,,,,,
Charme & More di Polito Angela,Negozio di abbigliamento,,0881 530840,"Via Luigi Zuppetta, 28",Lucera,,,,,,,,,,,
Tarantino Abbigliamento,Negozio di abbigliamento,https://www.asscommuro.it/gli-associati/39-tarantino-giovanni-abbigliamento,0836 342162,"Via Corsica, 138",Muro Leccese,,info@asscommuro.it,https,Joomla,S√¨,Planetel SPA,84,99,100.00,S√¨,No
Bartoli Abbigliamento,Negozio di abbigliamento donna,,0874 823834,"Via Opplaco, 6",Larino,,,,,,,,,,,
Abbigliamento STILE ITALIA,Negozio di abbigliamento,,0824 963835,"Piazza Giuseppe Garibaldi, 19",San Bartolomeo In Galdo,,,,,,,,,,,
Collection Abbigliamento e Cerimonia Uomo,Negozio di abbigliamento uomo,https://www.collectionabbigliamento.it/,0882 225863,"Via Tiberio Solis, 74",San Severo,,,https,React,No,Register.IT S.p.A,60,87,92.00,S√¨,No
Di Giovanni Giulio S.r.l. Filiale di Castelluccio dei Sauri,Alimentari,http://www.supermercatidigiovanni.it/,0881 962772,"Piazza Camillo Benso Conte di Cavour, 3",Castelluccio dei Sauri,,ufficio@supermercatidigiovanni.it,http,Altro,Non trovato,Amazon Technologies Inc.,67,95,85.00,Stato Non Determinato,No
Avenue 21 CENICOLA,Negozio di abbigliamento,,388 173 0173,"Via Papa Giovanni XXIII, 21",Pietramontecorvino,,,,,,,,,,,
Fusco Abbigliamento,Negozio di abbigliamento,https://fuscoabbigliamento.it/,346 734 8892,"Via C. Battisti, 53",Casalvecchio di Puglia,,fuscoabbigliamento@gmail.com,https,React,S√¨,SEEWEB s.r.l.,60,83,92.00,S√¨,No
Pinko Boutique Lecce,Negozio di abbigliamento donna,,0832 256031,"Via Salvatore Trinchese, 42/C",Lecce,,,,,,,,,,,
Gigi Coi boutique,Negozio di abbigliamento,https://www.gigicoi.com/,0833 593355,"Via Padre Serafino da Parabita, 7",Parabita,,shop@gigicoi.com,https,Shopify,S√¨,"Cloudflare, Inc.",60,84,92.00,S√¨,No
Abbigliamento Trentuno10,Negozio di abbigliamento,,0882 602170,"Via Gian Battista Vico, 25",Torremaggiore,,,,,,,,,,,
4stagioni Della Moda,Negozio di abbigliamento,,0881 665919,Corso del Mezzogiorno,Foggia,,,,,,,,,,,
Marinella boutique,Negozio di abbigliamento,http://marinellaboutique.sumupstore.com/,329 189 2831,"Via Roma, 27",Apricena,,,http,Altro,Non trovato,"Cloudflare, Inc.",94,99,42.00,Stato Non Determinato,No
Bricocenter,Negozio di bricolage,https://www.bricocenter.it/it/punti-vendita/ep-minisito-punto-vendita/lecce-surbo,0832 190 2431,Via Giorgio Almirante,Surbo,,,https,Altro,Non trovato,"Fastly, Inc.",45,40,77.00,Stato Non Determinato,No
"Martina Di Lena Abbigliamento, Intimo e Sartoria.",Negozio di abbigliamento,http://abbigliamento.larino.cb.it/,331 254 3040,"P.za Vittorio Emanuele, 13",Larino,,martinadilena@alice.it,http,Altro,Non trovato,Moviement srl - Shared Services,56,90,92.00,Stato Non Determinato,No
Emporio 41 Kids,Negozio di abbigliamento,,0881 720577,"Piazza Umberto Giordano, 41",Foggia,,,,,,,,,,,
PLATINVM testediturco,Negozio di abbigliamento,,320 406 0931,"Corso Aldo Moro, 5",Orta Nova,,,,,,,,,,,
Pullege,Negozio di abbigliamento,http://www.pullegestore.com/,0881 024683,"Corso Benedetto, Corso Cairoli, 53",Foggia,,example@mail.com,http,React,No,"Cloudflare, Inc.",84,83,92.00,S√¨,No
Notaro 4.0,Negozio di abbigliamento,https://notaro4-0.com/,324 626 3342,"Via Arciprete Pace, 6b",Torre Santa Susanna,,notaroabbigliamento@gmail.com,https,Shopify,No,"Cloudflare, Inc.",48,78,92.00,S√¨,No
OLTRE,Negozio di abbigliamento donna,https://stores.oltre.com/it/italia/foggia/foggia-cso-vittorio-emanuele?utm_source=google&utm_medium=GMBSitelink&utm_campaign=GMBSitelink_FOGGIA_1318,0881 773029,"Corso Vittorio Emanuele II, 51",Foggia,,oltre1318@miroglio.com,https,Altro,No,Seeweb s.r.l,52,86,92.00,S√¨,No
"ValBen Calzature, Abbigliamento, Accessori, Intimo e Idee regalo",Negozio di scarpe,https://www.valbenshop.com/,334 647 4092,"73040, Via Colonnello de Giovanni, 125",Specchia,,,https,Shopify,No,"Cloudflare, Inc.",49,56,100.00,S√¨,No
kilowear,Negozio di abbigliamento vintage,http://kilowearshop.com/,340 564 9650,"Via Guglielmo Marconi, 67/A",Mesagne,,,http,Shopify,No,"Cloudflare, Inc.",74,76,92.00,S√¨,No
Desvio Di Miele Giovanni Abbigliamento,Negozio di abbigliamento,,0885 252088,"Corso Vittorio Emanuele III, 18",Stornarella,,,,,,,,,,,
GLAM STYLE abbigliamento donna Cagnano Varano,Negozio di abbigliamento donna,,328 805 0166,"Dove c'era la parafarmacia ora ci sono io e affianco, Via Dante Alighieri, 19",Cagnano Varano,,,,,,,,,,,
Abbigliamento Trend La Griffe Di D'Apolito Arcangelo,Negozio di abbigliamento,,0884 80636,"Viale Montegrappa, 13",Cagnano Varano,,,,,,,,,,,
BOUTIQUE PATRICK di Di Bari Orazio,Negozio di abbigliamento,,0884 80439,"Via Montegrappa, 71",Cagnano Varano,,,,,,,,,,,
D'Errico,Negozio di abbigliamento,,0884 89072,"Via Dante Alighieri, 4",Cagnano Varano,,,,,,,,,,,
Ago E Filo Di Pelusi Eleonora,Merceria,,340 590 8760,"Via Giuseppe Verdi, 19",Cagnano Varano,,,,,,,,,,,
Il Sesto Senso,Profumeria,,0884 89112,"Via Giuseppe Verdi, 12",Cagnano Varano,,,,,,,,,,,
TUTTO X LA CASA negozio cinese,Negozio di abbigliamento,,389 002 2999,"Via G. Marconi, 15",Cagnano Varano,,,,,,,,,,,
Supermercato A&O Fini Filippo & DI Monte Stella snc,Alimentari,,393 971 1123,"Via Foggia, 7/a",Cagnano Varano,,,,,,,,,,,
PET'S HOUSE,Negozio di animali,,339 347 5782,"n, Via Dante Alighieri, 18",Cagnano Varano,,,,,,,,,,,
Market Gli Antichi Sapori Di Vigilante,Negozio di alimentari,,0884 88579,"NR. 7, Via Manfredi",Cagnano Varano,,,,,,,,,,,
Unieuro City,Negozio di elettronica,,0884 89170,"Via di Vagno, 22",Cagnano Varano,,,,,,,,,,,
Mithos by Dattoli,Negozio di abbigliamento,,0884 993564,"Via del Risorgimento, 4",Vico del Gargano,,,,,,,,,,,
Chicco Rivenditore Autorizzato Baby Pharma Shop,Negozio di articoli per bambini,,340 464 5831,"Via Dante Alighieri, 61",Trepuzzi,,,,,,,,,,,
EQUIUP SRL,Negozio di articoli per equitazione,https://shop.equiup.it/,347 487 6985,"Via Vittorio Emanuele III, 79",San Cesario di Lecce,,info@equiup.it,https,Shopify,S√¨,"Cloudflare, Inc.",65,82,92.00,S√¨,No
il girasole centro abbigliamento,Negozio di abbigliamento,,0874 716005,"Via Calemme, 7",Riccia,,,,,,,,,,,
Coccole Abbigliamento 0 - 18,Negozio di abbigliamento per bambini,,328 034 0065,"Via Papa Giovanni XXIII, 18",Orta Nova,,,,,,,,,,,
SPESA A&O,Negozio di alimentari,,0884 88604,"Via Foggia, 7/A",Cagnano Varano,,,,,,,,,,,
Senso Unico,Negozio di abbigliamento,https://mongolfierafoggia.it/negozio/431/senso-unico,0881 618038,"Viale degli Aviatori, 126",Foggia,,info@mongolfierafoggia.it,https,React,No,Amazon Technologies Inc.,49,78,92.00,S√¨,No
Mmsport,Negozio di abbigliamento sportivo,,328 327 5425,"Piazza Giovanni Paolo II Papa, 37",Ascoli Satriano,,,,,,,,,,,
Mod√≠ Calzature,Negozio di scarpe,,339 280 5234,"Largo Dauno, 9",Ascoli Satriano,,,,,,,,,,,
In&Out di Ruscigno Stefania,Negozio di abbigliamento donna,,392 744 0256,"Via Duomo, 6",Ascoli Satriano,,,,,,,,,,,
VITULANO DRUGSTORE,Profumeria,https://www.vitulanodrugstore.it/,0884 8109,"Via delle Rose, 2E",Cagnano Varano,,info@aegvitulano.it,https,Shopify,S√¨,Aruba S.p.A.,39,56,92.00,S√¨,No
CIAO Bella Bag,Negozio di accessori di moda,http://ciaobella-bag.shop/,331 103 8613,Viale Paolo Borsellino,Ascoli Satriano,,,http,Shopify,Non trovato,"Cloudflare, Inc.",99,100,90.00,No - Pagina Non Trovata (404),No
Silvestri Michele,Negozio di abbigliamento,,0881 961570,"Corso Vittorio Emanuele II, 13",Bovino,,,,,,,,,,,
Stock Grandi Firme,Negozio di abbigliamento,http://www.stockgrandifirme.it/,0885 782662,"Corso Ricciotti, 17",Orta Nova,,,http,React,No,Aruba S.p.A.,84,93,92.00,S√¨,No
Sergio D | Abbigliamento Uomo,Negozio di abbigliamento uomo,https://sergiod.it/,0881 774360,"Via Bari, 9",Foggia,,,https,Shopify,S√¨,"Cloudflare, Inc.",97,94,100.00,S√¨,No
Le Griffe abbigliamento UOMO via stazione 6,Negozio di abbigliamento uomo,,0885 650235,"Via Stazione, 6",Ascoli Satriano,,,,,,,,,,,
UN MONDO DI IDEE,Boutique,https://theperfectshop.altervista.org/,0885 651713,"Via Ruggiero Bonghi, 30",Ascoli Satriano,,,https,WordPress,No,Hetzner Online GmbH,40,45,77.00,S√¨,No
Gioielleria Caruso,Gioielleria,,388 409 8426,"Largo Cattedrale, 1",Ascoli Satriano,,,,,,,,,,,
Supermercato Despar Di Gennaro Serena & Figli,Alimentari,,0881 972037,"V. Martiri di V. Fani, 132",Castelluccio Valmaggiore,,,,,,,,,,,
Macelleria D‚ÄôAngelico,Macelleria,,0881 972128,"Via Salita Borgo, 11",Castelluccio Valmaggiore,,,,,,,,,,,
Megastore smartphone center,Negozio di telefoni cellulari,,380 475 0470,Piazza P. Sansone,Cagnano Varano,,,,,,,,,,,
L'ARTE del DOLCE,Pasticceria,,0881 972233,Via Croce,Castelluccio Valmaggiore,,,,,,,,,,,
Mario Gualano Abbigliamento,Negozio di abbigliamento uomo,http://www.mariogualano.com/,0882 832890,"Piazza Aldo Moro, 1",San Marco in Lamis,,,http,React,S√¨,"Cloudflare, Inc.",31,36,100.00,S√¨,No
Boutique Saria Di Piemontese Rosaria,Negozio di abbigliamento donna,,0881 720083,"Via Giacomo Matteotti, 34",Foggia,,,,,,,,,,,
Little Italy,Ristorante,https://little-italy.italiapaesaggiviaggi.top/,328 813 0689,"Largo Umberto I', 13",Castelluccio Valmaggiore,,,https,React,No,Contabo GmbH,52,83,85.00,S√¨,No
Boutique Amalia dal 1968,Negozio di abbigliamento donna,,347 805 5992,"Via Poppa, 15",Troia,,,,,,,,,,,
Tabacchino La Fenice di Dimino Vincenza Cynthia,Tabaccheria,,0881 592167,"Via Stradale Lucera, 58",Alberona,,,,,,,,,,,
Boutique de Stasio,Negozio di abbigliamento,https://boutiquedestasio.my.canva.site/,331 934 7943,"Via Monte Santo, 6",Candela,,boutiquedestasio@gmail.com,https,Altro,No,"Cloudflare London, LLC",92,100,91.00,S√¨,No
Candela Calzature,Negozio di scarpe,,0174 701062,"Via Carlo Marenco, 99",Ceva,,,,,,,,,,,
Tabaccheria ed emporio Caranfa,Tabaccheria,,0881 592179,"Corso Vittorio Emanuele, 46",Alberona,,,,,,,,,,,
Carmelino Buono,Negozio di abbigliamento,http://www.carmelinobuono.it/,0881 970039,"Via Regina Margherita, 160",Troia,,carmelinobuono@virgilio.it,http,WordPress,No,Combell NV,64,74,92.00,S√¨,No
Centro Moda Elisabetta Abbigliamento Uomo-Donna,Negozio di abbigliamento,,0881 970740,"Via Dante Alighieri, 2",Troia,,,,,,,,,,,
Rebecca Fashion Store,Negozio di abbigliamento,http://rebeccafashionstore.myadj.it/,0881 530513,"Via Luigi Zuppetta, 48/50",Lucera,,,http,React,No,"Cloudflare, Inc.",72,97,92.00,S√¨,No
Imperial di Ventrella Donato - Antony Morale,Negozio di abbigliamento,,0881 200975,"Via Firenze, 1A",Lucera,,,,,,,,,,,
Tam Tam,Boutique,,0881 525035,"Via Bari, 11",Lucera,,,,,,,,,,,
Valeria Vanity,Negozio di abbigliamento,,0881 545971,"Via Vittorio Veneto, 62",Lucera,,,,,,,,,,,
Sica Abbigliamento Uomo dal 1929,Negozio di abbigliamento uomo,http://www.sica1929.it/,0881 970027,"Via Regina Margherita, 144",Troia,,,http,Shopify,No,Iomart Hosting Limited,34,63,100.00,S√¨,No
Maharany Fr Di Maiellaro Guido Emanuele,Negozio di abbigliamento,,339 715 9408,"Via Vittorio Veneto, 25",Lucera,,,,,,,,,,,
Oversize Taglie Grandi,Negozio di abbigliamento,https://www.oversizetagliegrandi.it/,0881 748423,"Via S. Severo, 44/e",Foggia,,info@oversizetagliegrandi.it,https,React,No,Genesys Informatica S.r.l.,24,41,83.00,S√¨,No
Komos Moda,Negozio di abbigliamento,,0881 530276,"Corso Manfredi, 1",Lucera,,,,,,,,,,,
Farmacia Lepore Dr.ssa Maria Antonietta,Farmacia,http://www.farmacialepore.it/,0881 592090,Via Belvedere,Alberona,,,http,ASP.NET,No,Keliweb S.R.L,56,71,54.00,S√¨,S√¨
Korner Brand,Negozio di abbigliamento,,366 344 6450,"Strada Statale 160, Via Troia, Km. 0/520",Lucera,,,,,,,,,,,
Rinaldi Uomo Di Rinaldi Michele,Negozio di abbigliamento uomo,,0882 335121,"Viale Checchia Rispoli, 62",San Severo,,,,,,,,,,,
Fever,Negozio di abbigliamento donna,,0881 525014,"Via Antonio Gramsci, 31",Lucera,,,,,,,,,,,
Tina Barbaro,Negozio di abbigliamento,,388 805 9045,"Via Federico II, 6-8",Lucera,,,,,,,,,,,
Cristina Boutique,Negozio di abbigliamento donna,,328 248 5250,"Via Tiberio Solis, 80",San Severo,,,,,,,,,,,
Nati Con La Camicia,Negozio di abbigliamento,,0882 603043,"Via della Costituente, 163",Torremaggiore,,,,,,,,,,,
Bar-Pub Meeting Place,Bar caff√®,,0881 982020,"Via Guglielmo Marconi, 8",Anzano di Puglia,,,,,,,,,,,
Aneva Collection,Negozio di abbigliamento,,328 955 6888,"Via Magistrato Mariano, 33",Copertino,,,,,,,,,,,
Anmapet,Negozio di abbigliamento,,0832 834827,"Via Roca, 155",Melendugno,,,,,,,,,,,
TOP STOCK san severo,Negozio di abbigliamento,,391 424 3800,"Via Michele Zannotti, 70",San Severo,,,,,,,,,,,
Move Your Mood San Severo,Negozio di abbigliamento donna,https://moveyourmood.it/,0882 423608,"Via Tiberio Solis, 33",San Severo,,,https,Shopify,No,"Cloudflare, Inc.",66,76,100.00,S√¨,No
Se.J di Trasmundi Felicetta,Negozio di abbigliamento donna,https://sejshop.com/,334 355 1417,"Via Pisanelli, 29",Santa Croce di Magliano,,,https,Shopify,No,"Cloudflare, Inc.",46,74,100.00,S√¨,No
"Scala Reale Calzature, Abbigliamento e Borse",Negozio di scarpe,http://scalarealecalzature.it/,0882 331003,"Via Recca, 22",San Severo,,,http,Altro,No,Amazon Technologies Inc.,0,100,91.00,S√¨,No
INTIMOFILO,Negozio di intimo,http://www.intimofilo.com/,340 269 0502,"Via Regina Margherita, 219",Troia,,,http,ASP.NET,Non trovato,Aruba S.p.A. Network,0,78,92.00,Stato Non Determinato,No
L'Arte Antica= Di De Bellis Alessandro,Negozio di pasta fresca,,0881 592419,"Via Stradale Lucera, 108",Alberona,,,,,,,,,,,
Quinta Strada Abbigliamento,Negozio di abbigliamento,http://quintastradashop.com/,0825 451749,"Via Cardito, 143/146",Ariano Irpino,,,http,Shopify,S√¨,"Cloudflare, Inc.",57,95,100.00,S√¨,No
Forneria Marconi Di Marinaccio Pasqualino,Fornaio,,0881 982022,"Via Guglielmo Marconi, 40",Anzano di Puglia,,,,,,,,,,,
Del Gaudio Express,Negozio di alimentari,,328 448 8820,Via 24 Maggio,Anzano di Puglia,,,,,,,,,,,
Del Gaudio Rocco,Tabaccheria,,0881 982128,"Via 24 Maggio, 1",Anzano di Puglia,,,,,,,,,,,
Pelosi Outlet,Outlet,https://pelosi.shop/,0882 334403,"Piazza dell'Incoronazione, 4",San Severo,,,https,Altro,Non trovato,"Cloudflare, Inc.",98,100,40.00,Stato Non Determinato,No
De Maio Mobili Sas,Negozio di mobili,http://www.demaiomobili.it/,0881 982079,"SP136bis, 8",Anzano di Puglia,,info@demaiomobili.it,http,WordPress,S√¨,Aruba S.p.A.,51,51,85.00,S√¨,No
Lamanna Lucia,Negozio di abbigliamento,,0881 983256,"Corso Umberto I, 44",Monteleone di Puglia,,,,,,,,,,,
Rossi Michele,Negozio,,0881 982437,"Via delle Puglie, 28",Anzano di Puglia,,,,,,,,,,,
antropos boutique,Negozio di abbigliamento,https://www.antroposboutique.it/,0883 611569,"Via M. R. Imbriani, 8",Canosa di Puglia,,,https,Altro,S√¨,Google LLC,67,89,83.00,S√¨,No
Macelleria Fascia,Macelleria,,393 995 7990,"Via Cairoli, 1",Celenza Valfortore,,,,,,,,,,,
Aba Computer Di Angelini Domenica,Negozio di computer,,0881 554914,"V.le Regina Margherita, 8",Celenza Valfortore,,,,,,,,,,,
Fomas Srl,Ferramenta,,0881 554182,"Via Giardino, 2A",Celenza Valfortore,,,,,,,,,,,
Panificio Mille Molliche,Alimentari,,388 491 6399,"SP1, 64",Celenza Valfortore,,,,,,,,,,,
Alimentari Il Borgo,Alimentari,,0881 554111,"Via dell Indipendenza, 7",Celenza Valfortore,,,,,,,,,,,
ANGELICO,Negozio di abbigliamento,http://www.angelico.it/,0831 369156,"Via Filomeno Consiglio, 16/18",Brindisi,,,http,Shopify,S√¨,"Cloudflare, Inc.",40,45,92.00,S√¨,No
Panificio Gelsi Antonio,Fornaio,,0881 554022,"Vico Gianlorenzo Bernini, 5",Celenza Valfortore,,,,,,,,,,,
Bar da Mary (bar - pizzeria - gelateria),Bar,,371 468 5359,Piazza Umberto I,Celenza Valfortore,,,,,,,,,,,
Venditto Maria Antonietta,Tabaccheria,,0881 554390,"Via Cairoli, 55",Celenza Valfortore,,,,,,,,,,,
Zannella Lorenza E C. Snc,Fornaio,,0881 982613,"Via Roma, 176",Anzano di Puglia,,,,,,,,,,,
Bar Centrale Di Clemente Stefania Giusi,Bar,,0881 554000,"Piazza Alessandro Malice, 13",Celenza Valfortore,,,,,,,,,,,
Macelleria Laccone,Macelleria,,0881 554302,"Largo IV Novembre, 6",Celenza Valfortore,,,,,,,,,,,
Daunia Artigiana,Negozio di articoli da regalo,,338 909 9932,"Corso Europa, 113",Carlantino,,,,,,,,,,,
Farmacia Rossi,Farmacia,,0881 554282,"Piazza Carlo Bortone, 2",Celenza Valfortore,,,,,,,,,,,
Bar Al Grottino,Bar,,333 338 5570,"Piazza Alessandro Malice, 24",Celenza Valfortore,,,,,,,,,,,
Arcana Moda,Negozio di abbigliamento,,0832 792707,"Via Kennedy, 12",Campi Salentina,,,,,,,,,,,
Cupertinoshop,Negozio di abbigliamento,http://www.cupertinoshop.com/,080 439 1313,"Via Forcella, 75",Fasano,,richieste@cupertino.it,http,Shopify,No,Google LLC,34,45,92.00,S√¨,No
NOHA - Negozio di abbigliamento,Negozio di abbigliamento,http://www.nohamoda.it/,0831 564220,"Corso Umberto I, 72",Brindisi,,info@nohamoda.it,http,React,No,Aruba S.p.A.,43,81,85.00,S√¨,No
Zi' Carluccio,Pizzeria,http://www.zicarluccio.it/,0881 982023,"Largo Chiesa, 6",Anzano di Puglia,,info@zicarluccio.it,http,ASP.NET,No,Aruba S.p.A. Network,99,100,73.00,S√¨,No
Boutique Caprice Porto | Marina di Rodi Garganico,Negozio di abbigliamento donna,,345 771 3107,Via Scalo Marittimo,Rodi Garganico,,,,,,,,,,,
Cipria Glamour | Abbigliamento,Negozio di abbigliamento,,329 746 1498,"Via G. di Vagno, 23/25",Vico del Gargano,,,,,,,,,,,
Atelier Siciliano Srl,Negozio di abbigliamento elegante,,0882 453388,"Via Pasquale Turbacci, 40",San Giovanni Rotondo,,,,,,,,,,,
Millecose,Negozio di alimentari,,338 390 7728,Via Pietro Nenni,Carpino,,,,,,,,,,,
FashionBabyRodiGarganico,Negozio di abbigliamento per bambini,,331 243 0634,"Corso Madonna della Libera, 78",Rodi Garganico,,,,,,,,,,,
Dreams negozio abbigliamento 0-16,Negozio di abbigliamento per bambini,,377 593 6809,"Via S. Francesco D'Assisi, 38",San Nicandro Garganico,,,,,,,,,,,
Mi Piace STORE Abbigliamento Accessories & Footwear,Negozio di scarpe,,338 483 8122,"Via G. di Vagno, 17",Vico del Gargano,,,,,,,,,,,
King Boutique,Negozio di abbigliamento,,0825 891743,"Via Cardito, 200",Ariano Irpino,,,,,,,,,,,
ALLURE BOUTIQUE,Negozio di abbigliamento donna,,0882 456454,"Viale Cappuccini, 51/53",San Giovanni Rotondo,,,,,,,,,,,
Vaniglia Store,Negozio di abbigliamento uomo,http://www.vanigliastore.it/,333 330 8537,"SS90, Via var",Ariano Irpino,,vanigliastore@hotmail.com,http,OpenCart,No,Aruba S.p.A.,46,55,92.00,S√¨,No
Moda,Negozio di abbigliamento,,0885 328781,"Corso Aldo Moro, 159/A B",Cerignola,,,,,,,,,,,
DONN√Ä,Negozio di abbigliamento donna,,351 950 2886,"Corso Aldo Moro, 66",Cerignola,,,,,,,,,,,
Quartier Abbigliamento,Negozio di abbigliamento,,338 393 9231,"Corso Aldo Moro, 155",Cerignola,,,,,,,,,,,
Abbigliamento Cirulli Di Sparapano Patrizia,Negozio di abbigliamento,,0885 425654,"Via Venezia, 27",Cerignola,,,,,,,,,,,
Glamour Abbigliamento Carmiano,Negozio di abbigliamento donna,,380 513 9887,"Via Copertino, 20",Carmiano,,,,,,,,,,,
Versienti Voguer,Negozio di abbigliamento,http://www.versientivoguer.com/,0832 792966,"Via Pacinotti, 19",Campi Salentina,,info@versientivoguer.com,http,React,S√¨,OVH ISP,41,84,75.00,S√¨,No
Charme Abbigliamento,Negozio di abbigliamento,,379 136 2679,"Corso Madonna della Libera, 64",Rodi Garganico,,,,,,,,,,,
Corso Vittorio Abbigliamento Lecce,Negozio di abbigliamento,https://www.corsovittoriostore.it/,0832 277688,"Via Vittorio Emanuele II, 47",Lecce,,info@corsovittoriostore.it,https,Shopify,S√¨,Aruba S.p.A.,44,85,92.00,S√¨,No
New Trend Boutique,Negozio di abbigliamento,,0885 414821,"Corso Aldo Moro, 67",Cerignola,,,,,,,,,,,
Ivand√¨ shop,Negozio di abbigliamento,https://ivandishop.it/,388 172 6644,"Viale di Levante, 100",Cerignola,,,https,Shopify,No,"Cloudflare, Inc.",74,99,100.00,S√¨,No
Prisma Moda - Cerignola,Negozio di accessori di moda,,0885 412802,"Via XXV Aprile, 5A",Cerignola,,,,,,,,,,,
Terranova,Negozio di abbigliamento,https://www.calliope.style/it-it/,0885 440221,"Via Roma, 8",Cerignola,,,https,React,No,Akamai Technologies,53,80,92.00,S√¨,No
Noxius Di Campagna Pasquale,Negozio di abbigliamento,,0885 416055,"Via Roma, 43",Cerignola,,,,,,,,,,,
Raffaella Boutique,Negozio di abbigliamento,http://www.boutiqueraffaella.it/,0885 427335,"Via Roma, 51A",Cerignola,,raffaellaboutique24@gmail.com,http,ASP.NET,No,"Cloudflare, Inc.",51,74,92.00,S√¨,No
Maria Luisa Boutique di Maria Luisa Mazzarella Srl,Negozio di abbigliamento donna,,0885 417756,"Via Modena, 16",Cerignola,,,,,,,,,,,
United Colors of Benetton,Negozio di abbigliamento,https://it.benetton.com/?_r=no,0885 414056,"CORSO ALDO MORO, VIA LECCE, 173",Cerignola,,,https,Altro,No,"Cloudflare, Inc.",32,16,100.00,S√¨,No
Glamour Abbigliamento Donna&Bambini,Negozio di abbigliamento,http://www.glamoursanvito.it/,0831 952440,"Via S. Donato, 195",San Vito dei Normanni,,info@glamoursanvito.it,http,Shopify,S√¨,"Fastly, Inc.",43,73,85.00,S√¨,No
Valentina Abbigliamento,Negozio di abbigliamento,,345 412 7452,"Via Mons. A. De Leo, 13",San Vito dei Normanni,,,,,,,,,,,
Stefano (S.A.S.),Boutique,,0885 417360,"Corso Roma, 29",Cerignola,,,,,,,,,,,
Boutique Immagine,Boutique,,0831 984815,"Via S. Donato, 23",San Vito dei Normanni,,,,,,,,,,,
La Put√©je de lu Fure,Negozio di alimentari,,329 315 3008,Via Fontana Nuova,Celle di San Vito,,,,,,,,,,,
Fashion Todo,Negozio di abbigliamento,,0831 729444,"Via Francesco Antonucci, 1",Latiano,,,,,,,,,,,
BAR COCCO 4cantoni,Bar caff√®,,349 063 2874,"Largo Mercato, 2",Faeto,,,,,,,,,,,
Marella dal 1961,Alimentari,,340 701 5541,"Via Santa Chiara, 9",Faeto,,,,,,,,,,,
Specchio Boutique,Boutique,https://www.specchioboutique.it/,329 856 0308,"Corso Antonio Gramsci, 37-41-45",Cerignola,,,https,Vue,No,"Cloudflare, Inc.",27,55,85.00,S√¨,No
Le Pubbliche Relazioni,Negozio di abbigliamento donna,https://lepubblicherelazioni.it/,0885 423584,"Corso Aldo Moro, 54",Cerignola,,,https,Shopify,No,"Cloudflare, Inc.",83,94,100.00,S√¨,No
Boutique Vanessa Di Elena & Giulia Ignelzi S.N.C.,Negozio di abbigliamento donna,,0881 979125,"Via Regina Margherita, 75 - 77 - 94",Troia,,,,,,,,,,,
Urban Shop,Negozio di abbigliamento,http://www.urbanshoponline.it/,0831 724698,"Via Giuseppe Verdi, 4",Latiano,,,http,Shopify,S√¨,Aruba S.p.A.,35,56,92.00,S√¨,No
Salumeria Del Buongustaio - da Prospero,Alimentari,,0881 973322,"Via Fontana, 26",Faeto,,,,,,,,,,,
GLN AUTOMOBILI,Rivenditore di auto,,370 117 3708,"Via Padre Pio, 13",Faeto,,,,,,,,,,,
"Ristorante Salumificio Moreno - Cucina tipica tradizionale, prosciutti",Ristorante,http://www.prosciuttodifaeto.it/,0881 973205,"Via Maria Petite Pierre, 1/7",Faeto,,,http,React,No,Aruba S.p.A.,73,94,54.00,S√¨,No
D'Antona Giovanni & C. (S.N.C.),Negozio di abbigliamento,,0831 725277,"Via Giuseppe Garibaldi, 11",Latiano,,,,,,,,,,,
Bar tabacchi Girardi Romina,Bar tabaccheria,,392 589 0355,Viale kennedy,Faeto,,,,,,,,,,,
MARKET Fam. D'ERMES,Alimentari,,329 609 0440,"Corso Giorgio Castriota Skanderbeg, 50/52",Chieuti,,,,,,,,,,,
Lucy Li√π,Negozio di abbigliamento,,393 091 7031,"Piazza Umberto I, 18/19",Lesina,,,,,,,,,,,
Frizzi e Lazzi di Prencipe Giuseppe,Negozio di abbigliamento,,333 586 9649,"Via Raffaele Centonza, 20",Lesina,,,,,,,,,,,
Cartofantasy,Cartoleria,,0882 689097,"Viale Aldo Moro, 105",Chieuti,,,,,,,,,,,
Fiadino Srl,Negozio di prodotti agricoli,,0882 689378,"Via Sandro Pertini, 6",Chieuti,,,,,,,,,,,
Moda per Due,Negozio di abbigliamento sportivo,,0881 716640,"Via Lucera, 97/ R",Foggia,,,,,,,,,,,
Charme,Negozio di articoli da regalo,https://www.charmestore.it/,345 135 0452,"Via Michele Marchian√≤, 23",Chieuti,,charmechieuti@gmail.com,https,Basekit,No,Aruba S.p.A.,50,54,100.00,S√¨,No
Nicastro Rodolfo,Negozio di orologi,,0881 963172,"Corso Margherita, 30",Deliceto,,,,,,,,,,,
Yo! Yogurteria deliceto,Vendita di yogurt gelato,,327 840 3233,Piazza Europa,Deliceto,,,,,,,,,,,
Secondomarino,Negozio di abbigliamento,http://www.marinoboutique.it/,0881 707460,"Corso Cairoli, 24/c",Foggia,,info@marinoboutique.it,http,WordPress,S√¨,Hetzner Online GmbH,59,72,77.00,S√¨,No
Megal Di Lamatrice Antonio E Enza Sas,Alimentari,,0881 963217,"Via Fontana Nuova, 110",Deliceto,,,,,,,,,,,
Palumbo Gioielli,Orafo,,320 149 1261,"Via Fontana Nuova, 37",Deliceto,,,,,,,,,,,
Sapori di Provenza,Ristorante,https://saporidiprovenza.wordpress.com/,346 892 1660,"Piazza W. Booth, 4",Faeto,,,https,WordPress,No,"Automattic, Inc",63,97,100.00,S√¨,No
TALIA intimo & calzetteria,Negozio di biancheria intima,,338 763 8541,"Via Fontana Nuova, 48",Deliceto,,,,,,,,,,,
INTIMO NIGHT & DAY DI DE GREGORIO ANTONIETTA,Negozio di intimo,,0881 963957,"Vico I Corso Umberto, 13",Deliceto,,,,,,,,,,,
Prodotti a Km 0,Negozio di alimentari,,347 914 2257,"Corso Umberto I, 35",Deliceto,,,,,,,,,,,
Vanit√†,Negozio di abbigliamento,,349 173 7736,"Corso Umberto I¬∞ di Savoia, 10",Lesina,,,,,,,,,,,
Piccole Emozioni,Negozio di abbigliamento per bambini,,0882 990186,"Via Giannone, 3",Lesina,,,,,,,,,,,
Incontromoda Di Luigi Testa,Negozio di abbigliamento,,0882 224343,"Via Tiberio Solis, 149",San Severo,,,,,,,,,,,
Wildamm Abbigliamento (S.N.C.),Negozio di abbigliamento,https://www.wildammboutique.com/,0882 833069,"Corso Giacomo Matteotti, 128",San Marco in Lamis,,info@wildammboutique.com,https,React,No,"Cloudflare, Inc.",63,85,100.00,S√¨,No
Mastromatteo Boutique | Abbigliamento,Negozio di abbigliamento,,0884 994715,"Via G. di Vagno, 45",Vico del Gargano,,,,,,,,,,,
L'angolino di Ma&Ma,Negozio di abbigliamento,https://langolinodimaema.it/?fbclid=PAAab9IJ9NZ8tWab6iwabyQvV-6x3HBdtiODd5x0HrO93alLl6iwk7GLr7WLE_aem_AWynF1ZSoBUqz-6WpAt5OiwU2OgV3eYwJmFhaiDJ7nfWdpheuVvlss9MgSfc5h3CecM,345 241 8787,Piazza De Vera D'Aragona,Ischitella,,manuemartiabbigliamento@gmail.co